,ELO cũ,,ELO cũ,Kết quả,ELO mới,ELO mới,Đã xử lý,,
longnt,1548,VitaminZ,1426,1,1558.601761,1415.398239,TRUE,Thắng,
longnt,1548,VitaminZ,1426,1,1558.601761,1415.398239,TRUE,Thắng,
Wisdom,1407,Lancelot,1619,0,1399.708118,1626.291882,TRUE,Thua,
Wisdom,1407,Lancelot,1619,0,1399.708118,1626.291882,TRUE,Thua,
gobo2k,1332,hoanguyen,1323,1,1347.585627,1307.414373,TRUE,Thắng,
gobo2k,1332,hoanguyen,1323,0,1315.585627,1339.414373,TRUE,Thua,
gobo2k,1332,hoanguyen,1323,1,1347.585627,1307.414373,TRUE,Thắng,
socnho,1505,Ichiban,1785,1,1531.677199,1758.322801,TRUE,Thắng,
socnho,1505,Ichiban,1785,0,1499.677199,1790.322801,TRUE,Thua,
socnho,1505,Ichiban,1785,1,1531.677199,1758.322801,TRUE,Thắng,
Chairma,1359,LazyOldMan,1599,0,1352.57568,1605.42432,TRUE,Thua,
Chairma,1359,LazyOldMan,1599,0,1352.57568,1605.42432,TRUE,Thua,
osho,1788,Ragnar,1510,1,1793.374085,1504.625915,TRUE,Thắng,
osho,1788,Ragnar,1510,1,1793.374085,1504.625915,TRUE,Thắng,
Vinam,1653,Ninh,1740,0,1640.924806,1752.075194,TRUE,Thua,
Vinam,1653,Ninh,1740,0,1640.924806,1752.075194,TRUE,Thua,
Domi,1964,NghiaDepTrai,1262,1,1964.552817,1261.447183,TRUE,Thắng,
Domi,1964,NghiaDepTrai,1262,1,1964.552817,1261.447183,TRUE,Thắng,
osho,1788,Wisdom,1407,0,1759.211574,1435.788426,TRUE,Thua,
osho,1788,Wisdom,1407,1,1791.211574,1403.788426,TRUE,Thắng,
osho,1788,Wisdom,1407,1,1791.211574,1403.788426,TRUE,Thắng,
gobo2k,1332,Chairma,1359,1,1349.240899,1341.759101,TRUE,Thắng,
gobo2k,1332,Chairma,1359,0,1317.240899,1373.759101,TRUE,Thua,
gobo2k,1332,Chairma,1359,1,1349.240899,1341.759101,TRUE,Thắng,
Vinam,1653,socnho,1505,1,1662.568723,1495.431277,TRUE,Thắng,
Vinam,1653,socnho,1505,1,1662.568723,1495.431277,TRUE,Thắng,
Domi,1964,longnt,1548,1,1966.674516,1545.325484,TRUE,Thắng,
Domi,1964,longnt,1548,1,1966.674516,1545.325484,TRUE,Thắng,
Ragnar,1510,Lancelot,1619,0,1498.861185,1630.138815,TRUE,Thua,
Ragnar,1510,Lancelot,1619,0,1498.861185,1630.138815,TRUE,Thua,
NghiaDepTrai,1262,VitaminZ,1426,1,1285.037408,1402.962592,TRUE,Thắng,
NghiaDepTrai,1262,VitaminZ,1426,1,1285.037408,1402.962592,TRUE,Thắng,
LazyOldMan,1599,hoanguyen,1323,1,1604.425763,1317.574237,TRUE,Thắng,
LazyOldMan,1599,hoanguyen,1323,1,1604.425763,1317.574237,TRUE,Thắng,
Ninh,1740,Ichiban,1785,0,1726.060816,1798.939184,TRUE,Thua,
Ninh,1740,Ichiban,1785,0,1726.060816,1798.939184,TRUE,Thua,
Chairma,1359,VitaminZ,1426,1,1378.047777,1406.952223,TRUE,Thắng,
Chairma,1359,VitaminZ,1426,0,1346.047777,1438.952223,TRUE,Thua,
Chairma,1359,VitaminZ,1426,1,1378.047777,1406.952223,TRUE,Thắng,
osho,1788,Ichiban,1785,0,1771.861848,1801.138152,TRUE,Thua,
osho,1788,Ichiban,1785,0,1771.861848,1801.138152,TRUE,Thua,
Vinam,1653,hoanguyen,1323,1,1657.164802,1318.835198,TRUE,Thắng,
Vinam,1653,hoanguyen,1323,1,1657.164802,1318.835198,TRUE,Thắng,
Domi,1964,Lancelot,1619,1,1967.861851,1615.138149,TRUE,Thắng,
Domi,1964,Lancelot,1619,1,1967.861851,1615.138149,TRUE,Thắng,
LazyOldMan,1599,longnt,1548,1,1612.668088,1534.331912,TRUE,Thắng,
LazyOldMan,1599,longnt,1548,0,1580.668088,1566.331912,TRUE,Thua,
LazyOldMan,1599,longnt,1548,1,1612.668088,1534.331912,TRUE,Thắng,
Ragnar,1510,socnho,1505,1,1525.769757,1489.230243,TRUE,Thắng,
Ragnar,1510,socnho,1505,0,1493.769757,1521.230243,TRUE,Thua,
Ragnar,1510,socnho,1505,0,1493.769757,1521.230243,TRUE,Thua,
Zodiac,1533,gobo2k,1332,1,1540.654525,1324.345475,TRUE,Thắng,
Zodiac,1533,gobo2k,1332,1,1540.654525,1324.345475,TRUE,Thắng,
NghiaDepTrai,1262,Wisdom,1407,0,1252.315043,1416.684957,TRUE,Thua,
NghiaDepTrai,1262,Wisdom,1407,0,1252.315043,1416.684957,TRUE,Thua,----------------------
DAT93BP,1201,Prac800ic,1297,0,1189.311787,1308.688213,TRUE,Thua,x
DAT93BP,1201,Prac800ic,1297,0,1189.311787,1308.688213,TRUE,Thua,x
Ragnar,1510,Truongbaorong,1461,1,1523.75831,1447.24169,TRUE,Thắng,x
Ragnar,1510,Truongbaorong,1461,1,1523.75831,1447.24169,TRUE,Thắng,x
Ichiban,1785,gobo2k,1332,1,1787.19667,1329.80333,TRUE,Thắng,x
Ichiban,1785,gobo2k,1332,1,1787.19667,1329.80333,TRUE,Thắng,x
Ichiban,1785,NghiaDepTrai,1262,1,1786.502334,1260.497666,TRUE,Thắng,x
Ichiban,1785,NghiaDepTrai,1262,1,1786.502334,1260.497666,TRUE,Thắng,x
DAT93BP,1201,Kingtruong,1511,0,1196.400066,1515.599934,TRUE,Thua,x
DAT93BP,1201,Kingtruong,1511,0,1196.400066,1515.599934,TRUE,Thua,x
Truongbaorong,1461,Kingtruong,1511,0,1447.28682,1524.71318,TRUE,Thua,0
Truongbaorong,1461,Kingtruong,1511,0,1447.28682,1524.71318,TRUE,Thua,0
Ichiban,1785,Moon,1728,1,1798.398353,1714.601647,TRUE,Thắng,x
Ichiban,1785,Moon,1728,1,1798.398353,1714.601647,TRUE,Thắng,x
Domi,1964,longnt,1548,1,1966.674516,1545.325484,TRUE,Thắng,0
Domi,1964,longnt,1548,1,1966.674516,1545.325484,TRUE,Thắng,0
longnt,1548,Singlez,1819,0,1542.443314,1824.556686,TRUE,Thua,x
longnt,1548,Singlez,1819,0,1542.443314,1824.556686,TRUE,Thua,x
longnt,1548,Ragnar,1510,1,1562.25698,1495.74302,TRUE,Thắng,x
Ragnar,1510,longnt,1548,0,1495.74302,1562.25698,TRUE,Thua,x
socnho,1505,Truongbaorong,1461,1,1518.984489,1447.015511,TRUE,Thắng,x
socnho,1505,Truongbaorong,1461,1,1518.984489,1447.015511,TRUE,Thắng,x
Lancelot,1619,Prac800ic,1297,1,1623.334496,1292.665504,TRUE,Thắng,x
Lancelot,1619,Prac800ic,1297,1,1623.334496,1292.665504,TRUE,Thắng,x
Truongbaorong,1461,Datmm09,1112,1,1464.784341,1108.215659,TRUE,Thắng,x
Truongbaorong,1461,Datmm09,1112,1,1464.784341,1108.215659,TRUE,Thắng,x
Lancelot,1619,Truongbaorong,1461,1,1628.187131,1451.812869,TRUE,Thắng,x
Lancelot,1619,Truongbaorong,1461,1,1628.187131,1451.812869,TRUE,Thắng,x
Truongbaorong,1461,SieuTitMit,1431,0,1443.621872,1448.378128,TRUE,Thua,x
Truongbaorong,1461,SieuTitMit,1431,1,1475.621872,1416.378128,TRUE,Thắng,x
Truongbaorong,1461,SieuTitMit,1431,1,1475.621872,1416.378128,TRUE,Thắng,x
Ragnar,1510,Kingtruong,1511,1,1526.046052,1494.953948,TRUE,Thắng,0
Ragnar,1510,Kingtruong,1511,1,1526.046052,1494.953948,TRUE,Thắng,0
Lancelot,1619,2Life,1377,1,1625.36541,1370.63459,TRUE,Thắng,x
Lancelot,1619,2Life,1377,1,1625.36541,1370.63459,TRUE,Thắng,x
Ichiban,1785,Lancelot,1619,1,1793.888495,1610.111505,TRUE,Thắng,x
Ichiban,1785,Lancelot,1619,0,1761.888495,1642.111505,TRUE,Thua,x
Ichiban,1785,Lancelot,1619,1,1793.888495,1610.111505,TRUE,Thắng,x
Ichiban,1785,Kingtruong,1511,0,1758.477835,1537.522165,TRUE,Thua,x
Ichiban,1785,Kingtruong,1511,1,1790.477835,1505.522165,TRUE,Thắng,x
Ichiban,1785,Kingtruong,1511,1,1790.477835,1505.522165,TRUE,Thắng,x
Singlez,1819,Kingtruong,1511,1,1823.645466,1506.354534,TRUE,Thắng,x
Singlez,1819,Kingtruong,1511,1,1823.645466,1506.354534,TRUE,Thắng,x
Truongbaorong,1461,Fervis,1671,1,1485.643094,1646.356906,TRUE,Thắng,x
Truongbaorong,1461,Fervis,1671,0,1453.643094,1678.356906,TRUE,Thua,x
Truongbaorong,1461,Fervis,1671,0,1453.643094,1678.356906,TRUE,Thua,x
socnho,1505,Datmm09,1112,1,1508.017428,1108.982572,TRUE,Thắng,0
socnho,1505,Datmm09,1112,1,1508.017428,1108.982572,TRUE,Thắng,0
Lancelot,1619,Datmm09,1112,1,1620.639849,1110.360151,TRUE,Thắng,x
Lancelot,1619,Datmm09,1112,1,1620.639849,1110.360151,TRUE,Thắng,x
osho,1788,Chairma,1359,1,1790.496722,1356.503278,TRUE,Thắng,x
osho,1788,Chairma,1359,1,1790.496722,1356.503278,TRUE,Thắng,x
Lancelot,1619,socnho,1505,0,1597.930735,1526.069265,TRUE,Thua,x
Lancelot,1619,socnho,1505,0,1597.930735,1526.069265,TRUE,Thua,x
Ragnar,1510,Lancelot,1619,1,1530.861185,1598.138815,TRUE,Thắng,x
Ragnar,1510,Lancelot,1619,1,1530.861185,1598.138815,TRUE,Thắng,x
Truongbaorong,1461,Moon,1728,1,1487.336788,1701.663212,TRUE,Thắng,x
Truongbaorong,1461,Moon,1728,0,1455.336788,1733.663212,TRUE,Thua,x
Ichiban,1785,Ragnar,1510,1,1790.45175,1504.54825,TRUE,Thắng,x
Ichiban,1785,Ragnar,1510,1,1790.45175,1504.54825,TRUE,Thắng,x
Truongbaorong,1461,Afterall,1483,1,1478.011786,1465.988214,TRUE,Thắng,x
Truongbaorong,1461,Afterall,1483,0,1446.011786,1497.988214,TRUE,Thua,x
Truongbaorong,1461,Afterall,1483,0,1446.011786,1497.988214,TRUE,Thua,x
Singlez,1819,Truongbaorong,1461,1,1822.614857,1457.385143,TRUE,Thắng,0
Singlez,1819,Truongbaorong,1461,1,1822.614857,1457.385143,TRUE,Thắng,0
NghiaDepTrai,1262,Truongbaorong,1461,1,1286.278228,1436.721772,TRUE,Thắng,0
NghiaDepTrai,1262,Truongbaorong,1461,0,1254.278228,1468.721772,TRUE,Thua,0
NghiaDepTrai,1262,Truongbaorong,1461,1,1286.278228,1436.721772,TRUE,Thắng,0
socnho,1505,NghiaDepTrai,1262,1,1511.336107,1255.663893,TRUE,Thắng,0
socnho,1505,NghiaDepTrai,1262,1,1511.336107,1255.663893,TRUE,Thắng,0
Truongbaorong,1461,Moon,1728,1,1487.336788,1701.663212,TRUE,Thắng,x
Ragnar,1510,Afterall,1483,0,1492.759101,1500.240899,TRUE,Thua,x
Ragnar,1510,Afterall,1483,0,1492.759101,1500.240899,TRUE,Thua,x
SieuTitMit,1431,Moon,1728,0,1426.097389,1732.902611,TRUE,Thua,x
Moon,1728,SieuTitMit,1431,1,1732.902611,1426.097389,TRUE,Thắng,x
Ninh,1740,Afterall,1483,1,1745.936525,1477.063475,TRUE,Thắng,0
Ragnar,1510,DAT93BP,1201,1,1514.622654,1196.377346,TRUE,Thắng,x
Ragnar,1510,DAT93BP,1201,1,1514.622654,1196.377346,TRUE,Thắng,x
Ragnar,1510,Vinam,1653,0,1500.237111,1662.762889,TRUE,Thua,x
Ragnar,1510,Vinam,1653,0,1500.237111,1662.762889,TRUE,Thua,x
Ninh,1740,Truongbaorong,1461,1,1745.348394,1455.651606,TRUE,Thắng,0
Ninh,1740,Truongbaorong,1461,1,1745.348394,1455.651606,TRUE,Thắng,0
Vinam,1653,Truongbaorong,1461,1,1660.960295,1453.039705,TRUE,Thắng,2
Lancelot,1619,TrungHoang,1427,1,1626.960295,1419.039705,TRUE,Thắng,x
Lancelot,1619,TrungHoang,1427,0,1594.960295,1451.039705,TRUE,Thua,x
Lancelot,1619,TrungHoang,1427,1,1626.960295,1419.039705,TRUE,Thắng,x
Truongbaorong,1461,TrungHoang,1427,0,1443.439221,1444.560779,TRUE,Thua,9
Truongbaorong,1461,TrungHoang,1427,1,1475.439221,1412.560779,TRUE,Thắng,9
Truongbaorong,1461,TrungHoang,1427,1,1475.439221,1412.560779,TRUE,Thắng,9
Moon,1728,Fervis,1671,0,1709.398353,1689.601647,TRUE,Thua,x
Moon,1728,Fervis,1671,1,1741.398353,1657.601647,TRUE,Thắng,x
Moon,1728,Fervis,1671,1,1741.398353,1657.601647,TRUE,Thắng,x
Lancelot,1619,DAT93BP,1201,1,1621.646433,1198.353567,TRUE,Thắng,0
Lancelot,1619,DAT93BP,1201,1,1621.646433,1198.353567,TRUE,Thắng,0
TrieuVoi,1507,Moon,1728,0,1499.995693,1735.004307,TRUE,Thua,x
Moon,1728,TrieuVoi,1507,1,1735.004307,1499.995693,TRUE,Thắng,x
Lancelot,1619,LichKing,1258,1,1622.559851,1254.440149,TRUE,Thắng,x
Ragnar,1510,Wisdom,1407,1,1521.390917,1395.609083,TRUE,Thắng,x
Ragnar,1510,Wisdom,1407,1,1521.390917,1395.609083,TRUE,Thắng,x
Lancelot,1619,LichKing,1258,1,1622.559851,1254.440149,TRUE,Thắng,x
Ichiban,1785,Vinam,1653,1,1795.197701,1642.802299,TRUE,Thắng,x
Ichiban,1785,Vinam,1653,1,1795.197701,1642.802299,TRUE,Thắng,x
Ninh,1740,Singlez,1819,1,1759.576656,1799.423344,TRUE,Thắng,1
Ninh,1740,Singlez,1819,0,1727.576656,1831.423344,TRUE,Thua,1
hoanguyen,1323,DAT93BP,1201,1,1333.601761,1190.398239,TRUE,Thắng,x
hoanguyen,1323,DAT93BP,1201,1,1333.601761,1190.398239,TRUE,Thắng,x
Lancelot,1619,Vinam,1653,0,1604.560779,1667.439221,TRUE,Thua,x
Lancelot,1619,Vinam,1653,0,1604.560779,1667.439221,TRUE,Thua,x
Vinam,1653,Ninh,1740,0,1640.924806,1752.075194,TRUE,Thua,x
Vinam,1653,Ninh,1740,1,1672.924806,1720.075194,TRUE,Thắng,x
Vinam,1653,Ninh,1740,0,1640.924806,1752.075194,TRUE,Thua,x
Wisdom,1407,DAT93BP,1201,1,1414.488171,1193.511829,TRUE,Thắng,x
Wisdom,1407,DAT93BP,1201,1,1414.488171,1193.511829,TRUE,Thắng,x
longnt,1548,Truongbaorong,1461,0,1528.075194,1480.924806,TRUE,Thua,x
longnt,1548,Truongbaorong,1461,1,1560.075194,1448.924806,TRUE,Thắng,x
longnt,1548,Truongbaorong,1461,1,1560.075194,1448.924806,TRUE,Thắng,x
Lancelot,1619,Singlez,1819,0,1611.311902,1826.688098,TRUE,Thua,x
Lancelot,1619,Singlez,1819,0,1611.311902,1826.688098,TRUE,Thua,x
longnt,1548,TrungHoang,1427,1,1558.642611,1416.357389,TRUE,Thắng,x
longnt,1548,TrungHoang,1427,1,1558.642611,1416.357389,TRUE,Thắng,x
Ninh,1740,Afterall,1483,0,1713.936525,1509.063475,TRUE,Thua,0
Ninh,1740,Afterall,1483,1,1745.936525,1477.063475,TRUE,Thắng,0
Ragnar,1510,Moon,1728,0,1502.900751,1735.099249,TRUE,Thua,x
Ragnar,1510,Moon,1728,0,1502.900751,1735.099249,TRUE,Thua,x
Moon,1728,Afterall,1483,1,1734.277807,1476.722193,TRUE,Thắng,x
Moon,1728,Afterall,1483,1,1734.277807,1476.722193,TRUE,Thắng,x
Ichiban,1785,Truongbaorong,1461,1,1789.291533,1456.708467,TRUE,Thắng,x
Ichiban,1785,Truongbaorong,1461,1,1789.291533,1456.708467,TRUE,Thắng,x
Ichiban,1785,Singlez,1819,1,1802.560779,1801.439221,TRUE,Thắng,x
Ichiban,1785,Singlez,1819,0,1770.560779,1833.439221,TRUE,Thua,x
Ichiban,1785,Singlez,1819,1,1802.560779,1801.439221,TRUE,Thắng,x
socnho,1505,LazyOldMan,1599,1,1525.22624,1578.77376,TRUE,Thắng,0
socnho,1505,LazyOldMan,1599,1,1525.22624,1578.77376,TRUE,Thắng,0
socnho,1505,TrungHoang,1427,1,1517.467122,1414.532878,TRUE,Thắng,x
socnho,1505,TrungHoang,1427,1,1517.467122,1414.532878,TRUE,Thắng,x
LazyOldMan,1599,gobo2k,1332,1,1604.663212,1326.336788,TRUE,Thắng,x
LazyOldMan,1599,gobo2k,1332,1,1604.663212,1326.336788,TRUE,Thắng,x
longnt,1548,gobo2k,1332,0,1523.163054,1356.836946,TRUE,Thua,x
longnt,1548,gobo2k,1332,1,1555.163054,1324.836946,TRUE,Thắng,x
longnt,1548,gobo2k,1332,1,1555.163054,1324.836946,TRUE,Thắng,x
Ichiban,1785,LazyOldMan,1599,1,1793.168627,1590.831373,TRUE,Thắng,0
Ichiban,1785,LazyOldMan,1599,1,1793.168627,1590.831373,TRUE,Thắng,0
gobo2k,1332,Ninh,1740,0,1329.210426,1742.789574,TRUE,Thua,0
gobo2k,1332,Ninh,1740,0,1329.210426,1742.789574,TRUE,Thua,0
Ragnar,1510,Ninh,1740,0,1503.275014,1746.724986,TRUE,Thua,x
Ragnar,1510,Ninh,1740,0,1503.275014,1746.724986,TRUE,Thua,x
Singlez,1819,GiaBao,1464,1,1822.670602,1460.329398,TRUE,Thắng,9
Singlez,1819,GiaBao,1464,1,1822.670602,1460.329398,TRUE,Thắng,9
longnt,1548,GiaBao,1464,1,1560.205308,1451.794692,TRUE,Thắng,9
longnt,1548,Moon,1728,1,1571.619489,1704.380511,TRUE,Thắng,0
longnt,1548,Moon,1728,0,1539.619489,1736.380511,TRUE,Thua,0
longnt,1548,Moon,1728,0,1539.619489,1736.380511,TRUE,Thua,0
Lancelot,1619,Ninh,1740,0,1608.357389,1750.642611,TRUE,Thua,1+
Ragnar,1510,gobo2k,1332,1,1518.451922,1323.548078,TRUE,Thắng,x
Ragnar,1510,gobo2k,1332,1,1518.451922,1323.548078,TRUE,Thắng,x
Ragnar,1510,Metallica,1657,0,1500.392621,1666.607379,TRUE,Thua,x
Ragnar,1510,Metallica,1657,1,1532.392621,1634.607379,TRUE,Thắng,x
Ragnar,1510,Metallica,1657,0,1500.392621,1666.607379,TRUE,Thua,x
Lancelot,1619,LazyOldMan,1599,0,1602.079982,1615.920018,TRUE,Thua,0
Lancelot,1619,LazyOldMan,1599,0,1602.079982,1615.920018,TRUE,Thua,0
Lancelot,1619,Chairma,1359,0,1592.853477,1385.146523,TRUE,Thua,x
Lancelot,1619,Chairma,1359,1,1624.853477,1353.146523,TRUE,Thắng,x
Lancelot,1619,Chairma,1359,1,1624.853477,1353.146523,TRUE,Thắng,x
Singlez,1819,SieuTitMit,1431,1,1822.097011,1427.902989,TRUE,Thắng,x
Singlez,1819,SieuTitMit,1431,1,1822.097011,1427.902989,TRUE,Thắng,x
Wisdom,1407,SieuTitMit,1431,1,1424.103486,1413.896514,TRUE,Thắng,x
Wisdom,1407,SieuTitMit,1431,0,1392.103486,1445.896514,TRUE,Thua,x
Wisdom,1407,SieuTitMit,1431,0,1392.103486,1445.896514,TRUE,Thua,x
Domi,1964,2Life,1377,1,1965.05462,1375.94538,TRUE,Thắng,x
Domi,1964,2Life,1377,1,1965.05462,1375.94538,TRUE,Thắng,x
Ninh,1740,Fervis,1671,0,1720.863559,1690.136441,TRUE,Thua,x
longnt,1548,SieuTitMit,1431,1,1558.80679,1420.19321,TRUE,Thắng,x
longnt,1548,SieuTitMit,1431,1,1558.80679,1420.19321,TRUE,Thắng,x
Lancelot,1619,Afterall,1483,0,1597.038392,1504.961608,TRUE,Thua,x
Lancelot,1619,Afterall,1483,0,1597.038392,1504.961608,TRUE,Thua,x
Fervis,1671,Metallica,1657,0,1654.355625,1673.644375,TRUE,Thua,x
Fervis,1671,Metallica,1657,1,1686.355625,1641.644375,TRUE,Thắng,x
Fervis,1671,Metallica,1657,0,1654.355625,1673.644375,TRUE,Thua,x
Ichiban,1785,Fervis,1671,1,1795.930735,1660.069265,TRUE,Thắng,x
Ichiban,1785,Fervis,1671,1,1795.930735,1660.069265,TRUE,Thắng,x
Lancelot,1619,Fervis,1671,1,1637.376967,1652.623033,TRUE,Thắng,0
Lancelot,1619,Fervis,1671,0,1605.376967,1684.623033,TRUE,Thua,0
Lancelot,1619,Fervis,1671,1,1637.376967,1652.623033,TRUE,Thắng,0
Lancelot,1619,osho,1788,0,1610.221941,1796.778059,TRUE,Thua,x
Lancelot,1619,osho,1788,0,1610.221941,1796.778059,TRUE,Thua,x
Domi,1964,DAT93BP,1201,1,1964.391119,1200.608881,TRUE,Thắng,x
Domi,1964,DAT93BP,1201,1,1964.391119,1200.608881,TRUE,Thắng,x
longnt,1548,DAT93BP,1201,1,1551.822926,1197.177074,TRUE,Thắng,0
longnt,1548,DAT93BP,1201,1,1551.822926,1197.177074,TRUE,Thắng,0
Domi,1964,Ragnar,1510,1,1966.184922,1507.815078,TRUE,Thắng,x
Domi,1964,Ragnar,1510,1,1966.184922,1507.815078,TRUE,Thắng,x
LazyOldMan,1599,SieuTitMit,1431,1,1607.814776,1422.185224,TRUE,Thắng,x
LazyOldMan,1599,SieuTitMit,1431,1,1607.814776,1422.185224,TRUE,Thắng,x
Ninh,1740,Fervis,1671,0,1720.863559,1690.136441,TRUE,Thua,x
Ninh,1740,Prac800ic,1297,1,1742.317405,1294.682595,TRUE,Thắng,0
Ninh,1740,Prac800ic,1297,1,1742.317405,1294.682595,TRUE,Thắng,0
osho,1788,Truongbaorong,1461,1,1792.227765,1456.772235,TRUE,Thắng,x
osho,1788,Truongbaorong,1461,1,1792.227765,1456.772235,TRUE,Thắng,x
socnho,1505,Daisy,1481,1,1519.896514,1466.103486,TRUE,Thắng,x
socnho,1505,Daisy,1481,1,1519.896514,1466.103486,TRUE,Thắng,x
LazyOldMan,1599,Truongbaorong,1461,1,1608.959246,1451.040754,TRUE,Thắng,x
LazyOldMan,1599,Truongbaorong,1461,0,1576.959246,1483.040754,TRUE,Thua,x
LazyOldMan,1599,Truongbaorong,1461,0,1576.959246,1483.040754,TRUE,Thua,x
socnho,1505,gobo2k,1332,1,1513.632147,1323.367853,TRUE,Thắng,x
socnho,1505,gobo2k,1332,1,1513.632147,1323.367853,TRUE,Thắng,x
longnt,1548,Prac800ic,1297,1,1554.105344,1290.894656,TRUE,Thắng,x
longnt,1548,Prac800ic,1297,1,1554.105344,1290.894656,TRUE,Thắng,x
Ninh,1740,DAT93BP,1201,1,1741.375829,1199.624171,TRUE,Thắng,x
Ninh,1740,DAT93BP,1201,1,1741.375829,1199.624171,TRUE,Thắng,x
Ragnar,1510,socnho,1505,0,1493.769757,1521.230243,TRUE,Thua,0
Ragnar,1510,socnho,1505,1,1525.769757,1489.230243,TRUE,Thắng,0
Ragnar,1510,socnho,1505,1,1525.769757,1489.230243,TRUE,Thắng,0
socnho,1505,hoanguyen,1323,1,1513.309491,1314.690509,TRUE,Thắng,0
socnho,1505,hoanguyen,1323,1,1513.309491,1314.690509,TRUE,Thắng,0
Domi,1964,Datmm09,1112,1,1964.235474,1111.764526,TRUE,Thắng,x
Domi,1964,Datmm09,1112,1,1964.235474,1111.764526,TRUE,Thắng,x
Ichiban,1785,Datmm09,1112,1,1785.65121,1111.34879,TRUE,Thắng,x
Ichiban,1785,Datmm09,1112,1,1785.65121,1111.34879,TRUE,Thắng,x
Lancelot,1619,Ninh,1740,0,1608.357389,1750.642611,TRUE,Thua,x
Lancelot,1619,Ninh,1740,0,1608.357389,1750.642611,TRUE,Thua,x
longnt,1548,Vinam,1653,1,1568.693403,1632.306597,TRUE,Thắng,x
longnt,1548,Vinam,1653,1,1568.693403,1632.306597,TRUE,Thắng,x
osho,1788,longnt,1548,1,1794.42432,1541.57568,TRUE,Thắng,x
osho,1788,longnt,1548,1,1794.42432,1541.57568,TRUE,Thắng,x
longnt,1548,NghiaDepTrai,1262,1,1553.171299,1256.828701,TRUE,Thắng,x
Lancelot,1619,hoanguyen,1323,0,1591.926557,1350.073443,TRUE,Thua,0
Lancelot,1619,hoanguyen,1323,0,1591.926557,1350.073443,TRUE,Thua,0
longnt,1548,NghiaDepTrai,1262,1,1553.171299,1256.828701,TRUE,Thắng,x
Domi,1964,hoanguyen,1323,1,1964.779717,1322.220283,TRUE,Thắng,0
Domi,1964,hoanguyen,1323,1,1964.779717,1322.220283,TRUE,Thắng,0
LazyOldMan,1599,Prac800ic,1297,1,1603.78431,1292.21569,TRUE,Thắng,x
LazyOldMan,1599,Prac800ic,1297,1,1603.78431,1292.21569,TRUE,Thắng,x
Domi,1964,Prac800ic,1297,1,1964.673613,1296.326387,TRUE,Thắng,x
Domi,1964,Prac800ic,1297,1,1964.673613,1296.326387,TRUE,Thắng,x
Lancelot,1619,longnt,1548,0,1599.775096,1567.224904,TRUE,Thua,x
Lancelot,1619,longnt,1548,1,1631.775096,1535.224904,TRUE,Thắng,x
Lancelot,1619,longnt,1548,1,1631.775096,1535.224904,TRUE,Thắng,x
NghiaDepTrai,1262,Singlez,1819,0,1260.754321,1820.245679,TRUE,Thua,x
NghiaDepTrai,1262,Singlez,1819,0,1260.754321,1820.245679,TRUE,Thua,x
Domi,1964,NghiaDepTrai,1262,1,1964.552817,1261.447183,TRUE,Thắng,x
Domi,1964,NghiaDepTrai,1262,1,1964.552817,1261.447183,TRUE,Thắng,x
Domi,1964,TriBui,1701,1,1969.771334,1695.228666,TRUE,Thắng,x
Domi,1964,TriBui,1701,1,1969.771334,1695.228666,TRUE,Thắng,x
Ragnar,1510,TriBui,1701,0,1502.005231,1708.994769,TRUE,Thua,x
Ragnar,1510,TriBui,1701,1,1534.005231,1676.994769,TRUE,Thắng,x
Ragnar,1510,TriBui,1701,1,1534.005231,1676.994769,TRUE,Thắng,x
Afterall,1483,TriBui,1701,1,1507.900751,1676.099249,TRUE,Thắng,x
Afterall,1483,TriBui,1701,0,1475.900751,1708.099249,TRUE,Thua,x
Afterall,1483,TriBui,1701,1,1507.900751,1676.099249,TRUE,Thắng,x
Domi,1964,Lancelot,1619,1,1967.861851,1615.138149,TRUE,Thắng,x
Domi,1964,Lancelot,1619,1,1967.861851,1615.138149,TRUE,Thắng,x
Fervis,1671,Afterall,1483,0,1647.098787,1506.901213,TRUE,Thua,x
Fervis,1671,Afterall,1483,1,1679.098787,1474.901213,TRUE,Thắng,x
Fervis,1671,Afterall,1483,0,1647.098787,1506.901213,TRUE,Thua,x
Lancelot,1619,TriBui,1701,1,1638.707651,1681.292349,TRUE,Thắng,x
Lancelot,1619,TriBui,1701,1,1638.707651,1681.292349,TRUE,Thắng,x
SieuTitMit,1431,TriBui,1701,0,1425.416832,1706.583168,TRUE,Thua,x
SieuTitMit,1431,TriBui,1701,0,1425.416832,1706.583168,TRUE,Thua,x
Lancelot,1619,SieuTitMit,1431,1,1627.098787,1422.901213,TRUE,Thắng,x
Lancelot,1619,SieuTitMit,1431,0,1595.098787,1454.901213,TRUE,Thua,x
Lancelot,1619,SieuTitMit,1431,1,1627.098787,1422.901213,TRUE,Thắng,x
Ichiban,1785,Metallica,1657,1,1795.358347,1646.641653,TRUE,Thắng,x
Ichiban,1785,Metallica,1657,1,1795.358347,1646.641653,TRUE,Thắng,x
Metallica,1657,TriBui,1701,1,1675.015511,1682.984489,TRUE,Thắng,x
Metallica,1657,TriBui,1701,0,1643.015511,1714.984489,TRUE,Thua,x
Metallica,1657,TriBui,1701,0,1643.015511,1714.984489,TRUE,Thua,x
Wisdom,1407,TriBui,1701,0,1402.025265,1705.974735,TRUE,Thua,x
Wisdom,1407,TriBui,1701,0,1402.025265,1705.974735,TRUE,Thua,x
Wisdom,1407,TrungHoang,1427,1,1423.920018,1410.079982,TRUE,Thắng,x
Wisdom,1407,TrungHoang,1427,0,1391.920018,1442.079982,TRUE,Thua,x
Wisdom,1407,TrungHoang,1427,0,1391.920018,1442.079982,TRUE,Thua,x
Wisdom,1407,Singlez,1819,0,1404.268504,1821.731496,TRUE,Thua,x
Wisdom,1407,Singlez,1819,0,1404.268504,1821.731496,TRUE,Thua,x
longnt,1548,Kingtruong,1511,1,1562.302499,1496.697501,TRUE,Thắng,x
longnt,1548,Kingtruong,1511,1,1562.302499,1496.697501,TRUE,Thắng,x
osho,1788,Fervis,1671,1,1798.80679,1660.19321,TRUE,Thắng,x
osho,1788,Fervis,1671,1,1798.80679,1660.19321,TRUE,Thắng,x
Ichiban,1785,dailygao,1377,1,1787.789574,1374.210426,TRUE,Thắng,x
Ichiban,1785,dailygao,1377,1,1787.789574,1374.210426,TRUE,Thắng,x
Kingtruong,1511,dailygao,1377,1,1521.117878,1366.882122,TRUE,Thắng,x
Kingtruong,1511,dailygao,1377,1,1521.117878,1366.882122,TRUE,Thắng,x
osho,1788,dailygao,1377,1,1790.745912,1374.254088,TRUE,Thắng,x
osho,1788,dailygao,1377,1,1790.745912,1374.254088,TRUE,Thắng,x
Truongbaorong,1461,TriBui,1701,0,1454.57568,1707.42432,TRUE,Thua,x
Truongbaorong,1461,TriBui,1701,0,1454.57568,1707.42432,TRUE,Thua,x
Ragnar,1510,TrieuVoi,1507,1,1525.861848,1491.138152,TRUE,Thắng,x
Ragnar,1510,TrieuVoi,1507,1,1525.861848,1491.138152,TRUE,Thắng,x
NghiaDepTrai,1262,Metallica,1657,0,1259.013889,1659.986111,TRUE,Thua,x
longnt,1548,TrieuVoi,1507,0,1530.120596,1524.879404,TRUE,Thua,x
Fervis,1671,TriBui,1701,0,1656.378128,1715.621872,TRUE,Thua,x
Fervis,1671,TriBui,1701,0,1656.378128,1715.621872,TRUE,Thua,x
longnt,1548,TrieuVoi,1507,0,1530.120596,1524.879404,TRUE,Thua,x
longnt,1548,Afterall,1483,1,1561.041081,1469.958919,TRUE,Thắng,x
longnt,1548,Afterall,1483,1,1561.041081,1469.958919,TRUE,Thắng,x
Domi,1964,Truongbaorong,1461,1,1965.676046,1459.323954,TRUE,Thắng,x
Domi,1964,Truongbaorong,1461,1,1965.676046,1459.323954,TRUE,Thắng,x
Domi,1964,TrungHoang,1427,1,1965.391067,1425.608933,TRUE,Thắng,x
Domi,1964,TrungHoang,1427,1,1965.391067,1425.608933,TRUE,Thắng,x
Lancelot,1619,dailygao,1377,1,1625.36541,1370.63459,TRUE,Thắng,x
Lancelot,1619,dailygao,1377,0,1593.36541,1402.63459,TRUE,Thua,x
Lancelot,1619,dailygao,1377,1,1625.36541,1370.63459,TRUE,Thắng,x
Singlez,1819,Metallica,1657,1,1828.037065,1647.962935,TRUE,Thắng,x
Singlez,1819,Metallica,1657,0,1796.037065,1679.962935,TRUE,Thua,x
Singlez,1819,Metallica,1657,1,1828.037065,1647.962935,TRUE,Thắng,x
Domi,1964,dailygao,1377,1,1965.05462,1375.94538,TRUE,Thắng,x
Domi,1964,dailygao,1377,1,1965.05462,1375.94538,TRUE,Thắng,x
longnt,1548,dailygao,1377,0,1524.704912,1400.295088,TRUE,Thua,x
longnt,1548,dailygao,1377,1,1556.704912,1368.295088,TRUE,Thắng,x
longnt,1548,Datmm09,1112,1,1550.405529,1109.594471,TRUE,Thắng,x
longnt,1548,Datmm09,1112,1,1550.405529,1109.594471,TRUE,Thắng,x
Ichiban,1785,TriBui,1701,0,1765.205308,1720.794692,TRUE,Thua,x
Ichiban,1785,TriBui,1701,1,1797.205308,1688.794692,TRUE,Thắng,x
Ichiban,1785,TriBui,1701,1,1797.205308,1688.794692,TRUE,Thắng,x
Singlez,1819,TriBui,1701,1,1829.765629,1690.234371,TRUE,Thắng,x
Singlez,1819,TriBui,1701,1,1829.765629,1690.234371,TRUE,Thắng,x
Singlez,1819,Moon,1728,0,1798.902566,1748.097434,TRUE,Thua,x
Singlez,1819,Moon,1728,1,1830.902566,1716.097434,TRUE,Thắng,x
Singlez,1819,Moon,1728,0,1798.902566,1748.097434,TRUE,Thua,x
longnt,1548,2Life,1377,0,1524.704912,1400.295088,TRUE,Thua,x
longnt,1548,2Life,1377,1,1556.704912,1368.295088,TRUE,Thắng,x
longnt,1548,2Life,1377,1,1556.704912,1368.295088,TRUE,Thắng,x
hoanguyen,1323,2Life,1377,1,1341.466959,1358.533041,TRUE,Thắng,x
hoanguyen,1323,2Life,1377,1,1341.466959,1358.533041,TRUE,Thắng,x
Ninh,1740,TriBui,1701,1,1754.211489,1686.788511,TRUE,Thắng,x
Ninh,1740,TriBui,1701,1,1754.211489,1686.788511,TRUE,Thắng,x
longnt,1548,TriBui,1701,0,1538.623209,1710.376791,TRUE,Thua,x
longnt,1548,TriBui,1701,0,1538.623209,1710.376791,TRUE,Thua,x
Ragnar,1510,Singlez,1819,0,1505.377346,1823.622654,TRUE,Thua,x
Ragnar,1510,Singlez,1819,0,1505.377346,1823.622654,TRUE,Thua,x
osho,1788,Afterall,1483,1,1792.714466,1478.285534,TRUE,Thắng,x
osho,1788,Afterall,1483,1,1792.714466,1478.285534,TRUE,Thắng,x
LazyOldMan,1599,tuanvu,1336,1,1604.771334,1330.228666,TRUE,Thắng,x
LazyOldMan,1599,tuanvu,1336,1,1604.771334,1330.228666,TRUE,Thắng,x
longnt,1548,tuanvu,1336,1,1555.291882,1328.708118,TRUE,Thắng,x
longnt,1548,tuanvu,1336,1,1555.291882,1328.708118,TRUE,Thắng,x
Domi,1964,tuanvu,1336,1,1964.838717,1335.161283,TRUE,Thắng,x
Domi,1964,tuanvu,1336,1,1964.838717,1335.161283,TRUE,Thắng,x
osho,1788,Singlez,1819,0,1773.423826,1833.576174,TRUE,Thua,x
osho,1788,Singlez,1819,1,1805.423826,1801.576174,TRUE,Thắng,x
osho,1788,Singlez,1819,0,1773.423826,1833.576174,TRUE,Thua,x
Domi,1964,gobo2k,1332,1,1964.820115,1331.179885,TRUE,Thắng,x
Domi,1964,gobo2k,1332,1,1964.820115,1331.179885,TRUE,Thắng,x
gobo2k,1332,Singlez,1819,0,1330.171492,1820.828508,TRUE,Thua,x
gobo2k,1332,Singlez,1819,0,1330.171492,1820.828508,TRUE,Thua,x
Ragnar,1510,osho,1788,0,1504.625915,1793.374085,TRUE,Thua,x
Ragnar,1510,osho,1788,0,1504.625915,1793.374085,TRUE,Thua,x
Ichiban,1785,Afterall,1483,0,1757.78431,1510.21569,TRUE,Thua,x
Ichiban,1785,Afterall,1483,1,1789.78431,1478.21569,TRUE,Thắng,x
Ichiban,1785,Afterall,1483,1,1789.78431,1478.21569,TRUE,Thắng,x
osho,1788,TriBui,1701,0,1768.075194,1720.924806,TRUE,Thua,x
osho,1788,TriBui,1701,1,1800.075194,1688.924806,TRUE,Thắng,x
osho,1788,TriBui,1701,1,1800.075194,1688.924806,TRUE,Thắng,x
TrieuVoi,1507,Wisdom,1407,1,1518.51792,1395.48208,TRUE,Thắng,x
TrieuVoi,1507,Wisdom,1407,1,1518.51792,1395.48208,TRUE,Thắng,x
NghiaDepTrai,1262,Wisdom,1407,0,1252.315043,1416.684957,TRUE,Thua,x
NghiaDepTrai,1262,Wisdom,1407,0,1252.315043,1416.684957,TRUE,Thua,x
longnt,1548,Fervis,1671,1,1569.439008,1649.560992,TRUE,Thắng,x
longnt,1548,Fervis,1671,0,1537.439008,1681.560992,TRUE,Thua,x
longnt,1548,Fervis,1671,0,1537.439008,1681.560992,TRUE,Thua,x
Moon,1728,dailygao,1377,1,1731.746093,1373.253907,TRUE,Thắng,0
Moon,1728,dailygao,1377,0,1699.746093,1405.253907,TRUE,Thua,0
Wisdom,1407,Kingtruong,1511,0,1395.651278,1522.348722,TRUE,Thua,x
Wisdom,1407,Kingtruong,1511,0,1395.651278,1522.348722,TRUE,Thua,x
longnt,1548,dailygao,1377,1,1556.704912,1368.295088,TRUE,Thắng,x
Wisdom,1407,dailygao,1377,1,1421.621872,1362.378128,TRUE,Thắng,x
Wisdom,1407,dailygao,1377,1,1421.621872,1362.378128,TRUE,Thắng,x
DAT93BP,1201,Singlez,1819,0,1200.112964,1819.887036,TRUE,Thua,x
DAT93BP,1201,Singlez,1819,0,1200.112964,1819.887036,TRUE,Thua,x
osho,1788,DAT93BP,1201,1,1789.05462,1199.94538,TRUE,Thắng,x
osho,1788,DAT93BP,1201,1,1789.05462,1199.94538,TRUE,Thắng,x
Ragnar,1510,dailygao,1377,1,1520.157748,1366.842252,TRUE,Thắng,x
Ragnar,1510,dailygao,1377,0,1488.157748,1398.842252,TRUE,Thua,x
TrieuVoi,1507,LichKing,1258,1,1513.162426,1251.837574,TRUE,Thắng,x
TrieuVoi,1507,LichKing,1258,1,1513.162426,1251.837574,TRUE,Thắng,x
socnho,1505,longnt,1548,0,1490.970174,1562.029826,TRUE,Thua,0
socnho,1505,longnt,1548,0,1490.970174,1562.029826,TRUE,Thua,0
NghiaDepTrai,1262,Metallica,1657,0,1259.013889,1659.986111,TRUE,Thua,x
socnho,1505,Fervis,1671,0,1496.111505,1679.888495,TRUE,Thua,x
socnho,1505,Fervis,1671,0,1496.111505,1679.888495,TRUE,Thua,x
socnho,1505,Afterall,1483,0,1487.988214,1500.011786,TRUE,Thua,0
socnho,1505,Afterall,1483,1,1519.988214,1468.011786,TRUE,Thắng,0
socnho,1505,Afterall,1483,0,1487.988214,1500.011786,TRUE,Thua,0
Domi,1964,socnho,1505,1,1966.127052,1502.872948,TRUE,Thắng,x
Domi,1964,socnho,1505,1,1966.127052,1502.872948,TRUE,Thắng,x
Domi,1964,Kingtruong,1511,1,1966.19667,1508.80333,TRUE,Thắng,x
Domi,1964,Kingtruong,1511,1,1966.19667,1508.80333,TRUE,Thắng,x
Domi,1964,SieuTitMit,1431,1,1965.42203,1429.57797,TRUE,Thắng,x
Domi,1964,SieuTitMit,1431,1,1965.42203,1429.57797,TRUE,Thắng,x
socnho,1505,SieuTitMit,1431,1,1517.642787,1418.357213,TRUE,Thắng,x
socnho,1505,SieuTitMit,1431,1,1517.642787,1418.357213,TRUE,Thắng,x
longnt,1548,LichKing,1258,1,1553.072244,1252.927756,TRUE,Thắng,x
longnt,1548,LichKing,1258,1,1553.072244,1252.927756,TRUE,Thắng,x
Lancelot,1619,NghiaDepTrai,1262,0,1590.633356,1290.366644,TRUE,Thua,x
Lancelot,1619,NghiaDepTrai,1262,1,1622.633356,1258.366644,TRUE,Thắng,x
Lancelot,1619,NghiaDepTrai,1262,1,1622.633356,1258.366644,TRUE,Thắng,x
Chairma,1359,Metallica,1657,0,1354.121239,1661.878761,TRUE,Thua,x
Chairma,1359,Metallica,1657,0,1354.121239,1661.878761,TRUE,Thua,x
Ichiban,1785,Chairma,1359,1,1787.536766,1356.463234,TRUE,Thắng,x
Singlez,1819,tuanvu,1336,1,1820.868612,1334.131388,TRUE,Thắng,x
Singlez,1819,tuanvu,1336,1,1820.868612,1334.131388,TRUE,Thắng,x
Ichiban,1785,Chairma,1359,1,1787.536766,1356.463234,TRUE,Thắng,x
Truongbaorong,1461,Metallica,1657,0,1453.176604,1664.823396,TRUE,Thua,x
Truongbaorong,1461,Metallica,1657,0,1453.176604,1664.823396,TRUE,Thua,x
osho,1788,NghiaDepTrai,1262,1,1789.477801,1260.522199,TRUE,Thắng,x
osho,1788,NghiaDepTrai,1262,1,1789.477801,1260.522199,TRUE,Thắng,x
Domi,1964,Vinam,1653,1,1968.577308,1648.422692,TRUE,Thắng,x
Domi,1964,Vinam,1653,1,1968.577308,1648.422692,TRUE,Thắng,x
Domi,1964,TrieuVoi,1507,1,1966.150027,1504.849973,TRUE,Thắng,x
Domi,1964,TrieuVoi,1507,1,1966.150027,1504.849973,TRUE,Thắng,x
Ragnar,1510,NghiaDepTrai,1262,1,1516.191119,1255.808881,TRUE,Thắng,x
Ragnar,1510,NghiaDepTrai,1262,1,1516.191119,1255.808881,TRUE,Thắng,x
osho,1788,LichKing,1258,1,1789.445681,1256.554319,TRUE,Thắng,x
osho,1788,LichKing,1258,1,1789.445681,1256.554319,TRUE,Thắng,x
Ichiban,1785,LichKing,1258,1,1786.469708,1256.530292,TRUE,Thắng,x
Ichiban,1785,LichKing,1258,1,1786.469708,1256.530292,TRUE,Thắng,x
Singlez,1819,LichKing,1258,1,1820.218404,1256.781596,TRUE,Thắng,x
Singlez,1819,LichKing,1258,1,1820.218404,1256.781596,TRUE,Thắng,x
osho,1788,Vinam,1653,1,1798.078093,1642.921907,TRUE,Thắng,x
osho,1788,Vinam,1653,1,1798.078093,1642.921907,TRUE,Thắng,x
Wisdom,1407,Prac800ic,1297,1,1418.097051,1285.902949,TRUE,Thắng,x
Wisdom,1407,Prac800ic,1297,1,1418.097051,1285.902949,TRUE,Thắng,x
TrieuVoi,1507,Prac800ic,1297,1,1514.356906,1289.643094,TRUE,Thắng,x
TrieuVoi,1507,Prac800ic,1297,1,1514.356906,1289.643094,TRUE,Thắng,x
osho,1788,Wisdom,1407,1,1791.211574,1403.788426,TRUE,Thắng,x
osho,1788,Kingtruong,1511,1,1793.399875,1505.600125,TRUE,Thắng,x
osho,1788,Kingtruong,1511,1,1793.399875,1505.600125,TRUE,Thắng,x
Ragnar,1510,dailygao,1377,0,1488.157748,1398.842252,TRUE,Thua,x
Singlez,1819,dailygao,1377,1,1821.329809,1374.670191,TRUE,Thắng,x
Singlez,1819,dailygao,1377,1,1821.329809,1374.670191,TRUE,Thắng,x
Wisdom,1407,Metallica,1657,0,1400.866166,1663.133834,TRUE,Thua,x
Wisdom,1407,Metallica,1657,0,1400.866166,1663.133834,TRUE,Thua,x
Chairma,1359,Singlez,1819,0,1356.88435,1821.11565,TRUE,Thua,x
Chairma,1359,Singlez,1819,0,1356.88435,1821.11565,TRUE,Thua,x
Ragnar,1510,Fervis,1671,0,1500.925558,1680.074442,TRUE,Thua,x
Ragnar,1510,Fervis,1671,1,1532.925558,1648.074442,TRUE,Thắng,x
Ragnar,1510,Fervis,1671,0,1500.925558,1680.074442,TRUE,Thua,x
Lancelot,1619,Wisdom,1407,1,1626.291882,1399.708118,TRUE,Thắng,x
Lancelot,1619,Wisdom,1407,0,1594.291882,1431.708118,TRUE,Thua,x
Lancelot,1619,tuanvu,1336,1,1624.24661,1330.75339,TRUE,Thắng,x
Lancelot,1619,tuanvu,1336,1,1624.24661,1330.75339,TRUE,Thắng,x
Lancelot,1619,Wisdom,1407,1,1626.291882,1399.708118,TRUE,Thắng,x
hoanguyen,1323,Wisdom,1407,0,1310.794692,1419.205308,TRUE,Thua,x
hoanguyen,1323,Wisdom,1407,0,1310.794692,1419.205308,TRUE,Thua,x
2Life,1377,Metallica,1657,1,1403.677199,1630.322801,TRUE,Thắng,x
2Life,1377,Metallica,1657,0,1371.677199,1662.322801,TRUE,Thua,x
2Life,1377,Metallica,1657,0,1371.677199,1662.322801,TRUE,Thua,x
Moon,1728,Metallica,1657,0,1708.775096,1676.224904,TRUE,Thua,x
Moon,1728,Metallica,1657,0,1708.775096,1676.224904,TRUE,Thua,x
osho,1788,Wisdom,1407,1,1791.211574,1403.788426,TRUE,Thắng,x
LazyOldMan,1599,Chairma,1359,1,1605.42432,1352.57568,TRUE,Thắng,x
LazyOldMan,1599,Chairma,1359,1,1605.42432,1352.57568,TRUE,Thắng,x
Datmm09,1112,Fervis,1671,0,1110.768031,1672.231969,TRUE,Thua,x
Datmm09,1112,Fervis,1671,0,1110.768031,1672.231969,TRUE,Thua,x
Chairma,1359,Fervis,1671,0,1354.445226,1675.554774,TRUE,Thua,x
Chairma,1359,Fervis,1671,0,1354.445226,1675.554774,TRUE,Thua,x
longnt,1548,Chairma,1359,1,1556.064015,1350.935985,TRUE,Thắng,x
longnt,1548,Chairma,1359,0,1524.064015,1382.935985,TRUE,Thua,x
longnt,1548,Chairma,1359,1,1556.064015,1350.935985,TRUE,Thắng,x
Lancelot,1619,gobo2k,1332,1,1624.14639,1326.85361,TRUE,Thắng,x
Lancelot,1619,gobo2k,1332,1,1624.14639,1326.85361,TRUE,Thắng,x
Prac800ic,1297,Fervis,1671,0,1293.670114,1674.329886,TRUE,Thua,x
Prac800ic,1297,Fervis,1671,0,1293.670114,1674.329886,TRUE,Thua,x
Prac800ic,1297,Singlez,1819,0,1295.489402,1820.510598,TRUE,Thua,0
Prac800ic,1297,Singlez,1819,0,1295.489402,1820.510598,TRUE,Thua,0
osho,1788,Prac800ic,1297,1,1789.789213,1295.210787,TRUE,Thắng,x
osho,1788,Prac800ic,1297,1,1789.789213,1295.210787,TRUE,Thắng,x
Prac800ic,1297,Metallica,1657,0,1293.421895,1660.578105,TRUE,Thua,x
Prac800ic,1297,Metallica,1657,0,1293.421895,1660.578105,TRUE,Thua,x
Ragnar,1510,Prac800ic,1297,1,1517.259523,1289.740477,TRUE,Thắng,x
Ragnar,1510,Prac800ic,1297,1,1517.259523,1289.740477,TRUE,Thắng,x
gobo2k,1332,TriBui,1701,0,1328.583261,1704.416739,TRUE,Thua,x
gobo2k,1332,TriBui,1701,0,1328.583261,1704.416739,TRUE,Thua,x
Ichiban,1785,tuanvu,1336,1,1787.244248,1333.755752,TRUE,Thắng,x
Ichiban,1785,tuanvu,1336,1,1787.244248,1333.755752,TRUE,Thắng,x
Afterall,1483,tuanvu,1336,0,1460.607379,1358.392621,TRUE,Thua,x
Afterall,1483,tuanvu,1336,1,1492.607379,1326.392621,TRUE,Thắng,x
Afterall,1483,tuanvu,1336,1,1492.607379,1326.392621,TRUE,Thắng,x
osho,1788,tuanvu,1336,1,1790.208476,1333.791524,TRUE,Thắng,x
osho,1788,tuanvu,1336,1,1790.208476,1333.791524,TRUE,Thắng,x
NghiaDepTrai,1262,Afterall,1483,1,1286.995693,1458.004307,TRUE,Thắng,x
NghiaDepTrai,1262,Afterall,1483,0,1254.995693,1490.004307,TRUE,Thua,x
NghiaDepTrai,1262,Afterall,1483,0,1254.995693,1490.004307,TRUE,Thua,x
LazyOldMan,1599,NghiaDepTrai,1262,1,1603.020985,1257.979015,TRUE,Thắng,x
Ninh,1740,Prac800ic,1297,1,1742.317405,1294.682595,TRUE,Thắng,x
Ninh,1740,Prac800ic,1297,1,1742.317405,1294.682595,TRUE,Thắng,x
LazyOldMan,1599,NghiaDepTrai,1262,1,1603.020985,1257.979015,TRUE,Thắng,x
Wisdom,1407,Truongbaorong,1461,0,1393.466959,1474.533041,TRUE,Thua,x
Wisdom,1407,Truongbaorong,1461,1,1425.466959,1442.533041,TRUE,Thắng,x
Wisdom,1407,Truongbaorong,1461,1,1425.466959,1442.533041,TRUE,Thắng,x
NghiaDepTrai,1262,Fervis,1671,1,1291.225049,1641.774951,TRUE,Thắng,x
NghiaDepTrai,1262,Fervis,1671,0,1259.225049,1673.774951,TRUE,Thua,x
NghiaDepTrai,1262,Fervis,1671,0,1259.225049,1673.774951,TRUE,Thua,x
LazyOldMan,1599,Datmm09,1112,1,1600.828508,1110.171492,TRUE,Thắng,x
LazyOldMan,1599,Datmm09,1112,1,1600.828508,1110.171492,TRUE,Thắng,x
osho,1788,SieuTitMit,1431,1,1791.633356,1427.366644,TRUE,Thắng,x
osho,1788,SieuTitMit,1431,1,1791.633356,1427.366644,TRUE,Thắng,x
TrieuVoi,1507,SieuTitMit,1431,1,1519.554846,1418.445154,TRUE,Thắng,x
TrieuVoi,1507,SieuTitMit,1431,1,1519.554846,1418.445154,TRUE,Thắng,x
longnt,1548,Wisdom,1407,0,1525.841171,1429.158829,TRUE,Thua,x
longnt,1548,Wisdom,1407,1,1557.841171,1397.158829,TRUE,Thắng,x
longnt,1548,Wisdom,1407,0,1525.841171,1429.158829,TRUE,Thua,x
SieuTitMit,1431,Fervis,1671,1,1456.57568,1645.42432,TRUE,Thắng,x
SieuTitMit,1431,Fervis,1671,0,1424.57568,1677.42432,TRUE,Thua,x
SieuTitMit,1431,Fervis,1671,0,1424.57568,1677.42432,TRUE,Thua,x
Ragnar,1510,SieuTitMit,1431,1,1522.423344,1418.576656,TRUE,Thắng,x
Ragnar,1510,SieuTitMit,1431,1,1522.423344,1418.576656,TRUE,Thắng,x
DAT93BP,1201,tuanvu,1336,0,1190.921907,1346.078093,TRUE,Thua,x
DAT93BP,1201,tuanvu,1336,0,1190.921907,1346.078093,TRUE,Thua,x
Ninh,1740,Wisdom,1407,1,1744.102638,1402.897362,TRUE,Thắng,x
Ninh,1740,Wisdom,1407,1,1744.102638,1402.897362,TRUE,Thắng,x
hoanguyen,1323,tuanvu,1336,1,1339.598393,1319.401607,TRUE,Thắng,x
hoanguyen,1323,tuanvu,1336,1,1339.598393,1319.401607,TRUE,Thắng,x
longnt,1548,Ninh,1740,0,1540.039705,1747.960295,TRUE,Thua,x
longnt,1548,Ninh,1740,1,1572.039705,1715.960295,TRUE,Thắng,0
longnt,1548,Ninh,1740,0,1540.039705,1747.960295,TRUE,Thua,0
Kingtruong,1511,LichKing,1258,1,1517.048667,1251.951333,TRUE,Thắng,x
Kingtruong,1511,LichKing,1258,1,1517.048667,1251.951333,TRUE,Thắng,x
Fervis,1671,LichKing,1258,1,1673.717148,1255.282852,TRUE,Thắng,x
Fervis,1671,LichKing,1258,1,1673.717148,1255.282852,TRUE,Thắng,x
LazyOldMan,1599,dailygao,1377,0,1573.972863,1402.027137,TRUE,Thua,0
LazyOldMan,1599,dailygao,1377,1,1605.972863,1370.027137,TRUE,Thắng,0
Kingtruong,1511,Prac800ic,1297,1,1518.227265,1289.772735,TRUE,Thắng,x
Kingtruong,1511,Prac800ic,1297,1,1518.227265,1289.772735,TRUE,Thắng,x
LazyOldMan,1599,dailygao,1377,1,1605.972863,1370.027137,TRUE,Thắng,x
Fervis,1671,dailygao,1377,0,1643.974735,1404.025265,TRUE,Thua,x
hoanguyen,1323,TriBui,1701,0,1319.738185,1704.261815,TRUE,Thua,x
hoanguyen,1323,TriBui,1701,0,1319.738185,1704.261815,TRUE,Thua,x
Fervis,1671,dailygao,1377,1,1675.974735,1372.025265,TRUE,Thắng,x
Fervis,1671,dailygao,1377,1,1675.974735,1372.025265,TRUE,Thắng,x
Ichiban,1785,longnt,1548,1,1791.51345,1541.48655,TRUE,Thắng,x
Ichiban,1785,longnt,1548,1,1791.51345,1541.48655,TRUE,Thắng,x
Ichiban,1785,DAT93BP,1201,1,1786.072375,1199.927625,TRUE,Thắng,x
Ichiban,1785,DAT93BP,1201,1,1786.072375,1199.927625,TRUE,Thắng,x
socnho,1505,TriBui,1701,0,1497.176604,1708.823396,TRUE,Thua,x
socnho,1505,TriBui,1701,0,1497.176604,1708.823396,TRUE,Thua,x
Prac800ic,1297,Afterall,1483,0,1288.831373,1491.168627,TRUE,Thua,x
Prac800ic,1297,Afterall,1483,0,1288.831373,1491.168627,TRUE,Thua,x
socnho,1505,dailygao,1377,1,1515.358347,1366.641653,TRUE,Thắng,x
socnho,1505,dailygao,1377,1,1515.358347,1366.641653,TRUE,Thắng,x
Ninh,1740,dailygao,1377,1,1743.523589,1373.476411,TRUE,Thắng,x
Ninh,1740,dailygao,1377,1,1743.523589,1373.476411,TRUE,Thắng,x
Wisdom,1407,Afterall,1483,0,1394.445154,1495.554846,TRUE,Thua,x
Wisdom,1407,Afterall,1483,1,1426.445154,1463.554846,TRUE,Thắng,x
Wisdom,1407,Afterall,1483,0,1394.445154,1495.554846,TRUE,Thua,x
longnt,1548,Metallica,1657,1,1568.861185,1636.138815,TRUE,Thắng,x
longnt,1548,Metallica,1657,0,1536.861185,1668.138815,TRUE,Thua,x
longnt,1548,Metallica,1657,0,1536.861185,1668.138815,TRUE,Thua,x
Vinam,1653,Afterall,1483,0,1629.741438,1506.258562,TRUE,Thua,x
Vinam,1653,Afterall,1483,1,1661.741438,1474.258562,TRUE,Thắng,x
Vinam,1653,Afterall,1483,0,1629.741438,1506.258562,TRUE,Thua,x
Vinam,1653,Metallica,1657,1,1669.184199,1640.815801,TRUE,Thắng,x
Vinam,1653,Metallica,1657,0,1637.184199,1672.815801,TRUE,Thua,x
Vinam,1653,Metallica,1657,0,1637.184199,1672.815801,TRUE,Thua,x
Vinam,1653,TrieuVoi,1507,1,1662.646124,1497.353876,TRUE,Thắng,x
Vinam,1653,TrieuVoi,1507,1,1662.646124,1497.353876,TRUE,Thắng,x
TrieuVoi,1507,Fervis,1671,0,1498.037408,1679.962592,TRUE,Thua,x
Vinam,1653,SieuTitMit,1431,1,1659.972863,1424.027137,TRUE,Thắng,x
TrieuVoi,1507,Fervis,1671,0,1498.037408,1679.962592,TRUE,Thua,x
Vinam,1653,SieuTitMit,1431,1,1659.972863,1424.027137,TRUE,Thắng,x
Vinam,1653,Fervis,1671,0,1637.82819,1686.17181,TRUE,Thua,x
Vinam,1653,Fervis,1671,0,1637.82819,1686.17181,TRUE,Thua,x
Vinam,1653,TriBui,1701,1,1671.196525,1682.803475,TRUE,Thắng,x
Vinam,1653,TriBui,1701,1,1671.196525,1682.803475,TRUE,Thắng,x
socnho,1505,tuanvu,1336,1,1513.778059,1327.221941,TRUE,Thắng,x
socnho,1505,tuanvu,1336,1,1513.778059,1327.221941,TRUE,Thắng,x
hoanguyen,1323,Truongbaorong,1461,0,1313.040754,1470.959246,TRUE,Thua,x
hoanguyen,1323,Truongbaorong,1461,1,1345.040754,1438.959246,TRUE,Thắng,1++
hoanguyen,1323,Truongbaorong,1461,0,1313.040754,1470.959246,TRUE,Thua,x
gobo2k,1332,Truongbaorong,1461,0,1321.681939,1471.318061,TRUE,Thua,x
gobo2k,1332,Truongbaorong,1461,0,1321.681939,1471.318061,TRUE,Thua,x
NghiaDepTrai,1262,Metallica,1657,0,1259.013889,1659.986111,TRUE,Thua,x
Vinam,1653,Kingtruong,1511,1,1662.801987,1501.198013,TRUE,Thắng,x
Vinam,1653,Kingtruong,1511,0,1630.801987,1533.198013,TRUE,Thua,x
Vinam,1653,Kingtruong,1511,1,1662.801987,1501.198013,TRUE,Thắng,x
Vinam,1653,DAT93BP,1201,1,1655.208476,1198.791524,TRUE,Thắng,x
Vinam,1653,DAT93BP,1201,1,1655.208476,1198.791524,TRUE,Thắng,x
Fervis,1671,tuanvu,1336,1,1675.061636,1331.938364,TRUE,Thắng,x
Fervis,1671,tuanvu,1336,1,1675.061636,1331.938364,TRUE,Thắng,x
Vinam,1653,Kephongluu,1348,1,1657.714466,1343.285534,TRUE,Thắng,x
Vinam,1653,Kephongluu,1348,1,1657.714466,1343.285534,TRUE,Thắng,x
Moon,1728,dailygao,1377,1,1731.746093,1373.253907,TRUE,Thắng,x
Moon,1728,Kephongluu,1348,1,1731.228244,1344.771756,TRUE,Thắng,x
Moon,1728,Kephongluu,1348,1,1731.228244,1344.771756,TRUE,Thắng,x
Lancelot,1619,Kephongluu,1348,1,1624.556686,1342.443314,TRUE,Thắng,x
Lancelot,1619,Kephongluu,1348,1,1624.556686,1342.443314,TRUE,Thắng,x
Vinam,1653,Truongbaorong,1461,0,1628.960295,1485.039705,TRUE,Thua,x
Vinam,1653,Truongbaorong,1461,1,1660.960295,1453.039705,TRUE,Thắng,x
Vinam,1653,Truongbaorong,1461,1,1660.960295,1453.039705,TRUE,Thắng,x
longnt,1548,Kephongluu,1348,1,1555.688098,1340.311902,TRUE,Thắng,x
longnt,1548,Kephongluu,1348,1,1555.688098,1340.311902,TRUE,Thắng,x
hoanguyen,1323,Kephongluu,1348,1,1340.14931,1330.85069,TRUE,Thắng,x
hoanguyen,1323,Kephongluu,1348,0,1308.14931,1362.85069,TRUE,Thua,x
hoanguyen,1323,Kephongluu,1348,0,1308.14931,1362.85069,TRUE,Thua,x
2Life,1377,Afterall,1483,0,1365.735456,1494.264544,TRUE,Thua,x
2Life,1377,Afterall,1483,0,1365.735456,1494.264544,TRUE,Thua,x
Vinam,1653,2Life,1377,1,1658.425763,1371.574237,TRUE,Thắng,x
Vinam,1653,2Life,1377,1,1658.425763,1371.574237,TRUE,Thắng,x
hoanguyen,1323,Prac800ic,1297,1,1337.804886,1282.195114,TRUE,Thắng,x
hoanguyen,1323,Prac800ic,1297,1,1337.804886,1282.195114,TRUE,Thắng,x
NghiaDepTrai,1262,TriBui,1701,0,1259.63261,1703.36739,TRUE,Thua,x
NghiaDepTrai,1262,TriBui,1701,0,1259.63261,1703.36739,TRUE,Thua,x
DAT93BP,1201,TriBui,1701,0,1199.296313,1702.703687,TRUE,Thua,x
DAT93BP,1201,TriBui,1701,0,1199.296313,1702.703687,TRUE,Thua,x
gobo2k,1332,Moon,1728,0,1329.029438,1730.970562,TRUE,Thua,x
gobo2k,1332,Moon,1728,0,1329.029438,1730.970562,TRUE,Thua,x
Moon,1728,TriBui,1701,1,1742.759101,1686.240899,TRUE,Thắng,x
Moon,1728,TriBui,1701,0,1710.759101,1718.240899,TRUE,Thua,x
Moon,1728,TriBui,1701,1,1742.759101,1686.240899,TRUE,Thắng,x
NghiaDepTrai,1262,Datmm09,1112,1,1271.49168,1102.50832,TRUE,Thắng,x
NghiaDepTrai,1262,Datmm09,1112,1,1271.49168,1102.50832,TRUE,Thắng,x
Ragnar,1510,Kephongluu,1348,1,1519.037065,1338.962935,TRUE,Thắng,x
Ragnar,1510,Kephongluu,1348,1,1519.037065,1338.962935,TRUE,Thắng,x
Domi,1964,Kephongluu,1348,1,1964.89702,1347.10298,TRUE,Thắng,0
Domi,1964,Kephongluu,1348,1,1964.89702,1347.10298,TRUE,Thắng,0
SieuTitMit,1431,Metallica,1657,0,1424.151891,1663.848109,TRUE,Thua,x
SieuTitMit,1431,Metallica,1657,0,1424.151891,1663.848109,TRUE,Thua,x
Kingtruong,1511,SieuTitMit,1431,1,1523.379622,1418.620378,TRUE,Thắng,x
Kingtruong,1511,SieuTitMit,1431,1,1523.379622,1418.620378,TRUE,Thắng,x
Ichiban,1785,SieuTitMit,1431,1,1788.68935,1427.31065,TRUE,Thắng,x
Ichiban,1785,SieuTitMit,1431,1,1788.68935,1427.31065,TRUE,Thắng,x
Afterall,1483,Metallica,1657,1,1506.404091,1633.595909,TRUE,Thắng,x
Afterall,1483,Metallica,1657,1,1506.404091,1633.595909,TRUE,Thắng,x
Vinam,1653,Wisdom,1407,1,1659.24881,1400.75119,TRUE,Thắng,x
Vinam,1653,Wisdom,1407,0,1627.24881,1432.75119,TRUE,Thua,x
Vinam,1653,Wisdom,1407,1,1659.24881,1400.75119,TRUE,Thắng,x
SieuTitMit,1431,Kephongluu,1348,0,1411.248799,1367.751201,TRUE,Thua,0
SieuTitMit,1431,Kephongluu,1348,0,1411.248799,1367.751201,TRUE,Thua,0
NghiaDepTrai,1262,hoanguyen,1323,1,1280.780641,1304.219359,TRUE,Thắng,0
NghiaDepTrai,1262,hoanguyen,1323,1,1280.780641,1304.219359,TRUE,Thắng,x
socnho,1505,Kephongluu,1348,1,1514.224879,1338.775121,TRUE,Thắng,x
socnho,1505,Kephongluu,1348,0,1482.224879,1370.775121,TRUE,Thua,x
socnho,1505,Kephongluu,1348,1,1514.224879,1338.775121,TRUE,Thắng,x
NghiaDepTrai,1262,Kephongluu,1348,0,1249.881495,1360.118505,TRUE,Thua,x
NghiaDepTrai,1262,Kephongluu,1348,1,1281.881495,1328.118505,TRUE,Thắng,x
NghiaDepTrai,1262,Kephongluu,1348,1,1281.881495,1328.118505,TRUE,Thắng,x
Ninh,1740,Moon,1728,1,1755.447599,1712.552401,TRUE,Thắng,x
Ninh,1740,Moon,1728,1,1755.447599,1712.552401,TRUE,Thắng,x
Ninh,1740,NghiaDepTrai,1262,1,1741.919903,1260.080097,TRUE,Thắng,x
Ninh,1740,NghiaDepTrai,1262,1,1741.919903,1260.080097,TRUE,Thắng,x
LichKing,1258,Metallica,1657,0,1255.075649,1659.924351,TRUE,Thua,x
LichKing,1258,Metallica,1657,0,1255.075649,1659.924351,TRUE,Thua,x
Domi,1964,LichKing,1258,1,1964.540446,1257.459554,TRUE,Thắng,x
Domi,1964,LichKing,1258,1,1964.540446,1257.459554,TRUE,Thắng,x
Ninh,1740,Chairma,1359,1,1743.211574,1355.788426,TRUE,Thắng,x
Ninh,1740,Chairma,1359,1,1743.211574,1355.788426,TRUE,Thắng,x
Ninh,1740,LichKing,1258,1,1741.878766,1256.121234,TRUE,Thắng,x
LazyOldMan,1599,Kephongluu,1348,1,1605.105344,1341.894656,TRUE,Thắng,x
LazyOldMan,1599,Kephongluu,1348,1,1605.105344,1341.894656,TRUE,Thắng,x
Ninh,1740,LichKing,1258,1,1741.878766,1256.121234,TRUE,Thắng,0
hoanguyen,1323,Chairma,1359,0,1308.651954,1373.348046,TRUE,Thua,0
hoanguyen,1323,Chairma,1359,1,1340.651954,1341.348046,TRUE,Thắng,x
hoanguyen,1323,Chairma,1359,0,1308.651954,1373.348046,TRUE,Thua,x
DAT93BP,1201,SieuTitMit,1431,0,1194.275014,1437.724986,TRUE,Thua,x
DAT93BP,1201,SieuTitMit,1431,0,1194.275014,1437.724986,TRUE,Thua,x
Domi,1964,Metallica,1657,1,1968.668372,1652.331628,TRUE,Thắng,x
Domi,1964,Metallica,1657,1,1968.668372,1652.331628,TRUE,Thắng,x
osho,1788,Moon,1728,1,1801.264042,1714.735958,TRUE,Thắng,x
osho,1788,Moon,1728,1,1801.264042,1714.735958,TRUE,Thắng,x
Domi,1964,osho,1788,1,1972.523722,1779.476278,TRUE,Thắng,x
Domi,1964,osho,1788,0,1940.523722,1811.476278,TRUE,Thua,x
Domi,1964,osho,1788,1,1972.523722,1779.476278,TRUE,Thắng,x
Ragnar,1510,LazyOldMan,1599,0,1498.011245,1610.988755,TRUE,Thua,x
Ragnar,1510,LazyOldMan,1599,0,1498.011245,1610.988755,TRUE,Thua,x
NghiaDepTrai,1262,LichKing,1258,1,1277.815801,1242.184199,TRUE,Thắng,x
NghiaDepTrai,1262,LichKing,1258,1,1277.815801,1242.184199,TRUE,Thắng,x
Afterall,1483,LichKing,1258,1,1489.879144,1251.120856,TRUE,Thắng,x
Afterall,1483,LichKing,1258,1,1489.879144,1251.120856,TRUE,Thắng,x
LazyOldMan,1599,LichKing,1258,1,1602.940728,1254.059272,TRUE,Thắng,x
LazyOldMan,1599,LichKing,1258,1,1602.940728,1254.059272,TRUE,Thắng,x
NghiaDepTrai,1262,Moon,1728,0,1259.951577,1730.048423,TRUE,Thua,x
NghiaDepTrai,1262,Moon,1728,0,1259.951577,1730.048423,TRUE,Thua,x
gobo2k,1332,NghiaDepTrai,1262,1,1344.819303,1249.180697,TRUE,Thắng,x
gobo2k,1332,NghiaDepTrai,1262,0,1312.819303,1281.180697,TRUE,Thua,x
gobo2k,1332,NghiaDepTrai,1262,1,1344.819303,1249.180697,TRUE,Thắng,x
Domi,1964,Fervis,1671,1,1968.998968,1666.001032,TRUE,Thắng,x
Domi,1964,Fervis,1671,1,1968.998968,1666.001032,TRUE,Thắng,x
Domi,1964,Afterall,1483,1,1965.888972,1481.111028,TRUE,Thắng,x
Domi,1964,Afterall,1483,1,1965.888972,1481.111028,TRUE,Thắng,x
osho,1788,Kephongluu,1348,1,1790.354802,1345.645198,TRUE,Thắng,x
osho,1788,Kephongluu,1348,1,1790.354802,1345.645198,TRUE,Thắng,x
Prac800ic,1297,tuanvu,1336,0,1282.788511,1350.211489,TRUE,Thua,x
Prac800ic,1297,tuanvu,1336,1,1314.788511,1318.211489,TRUE,Thắng,0
Prac800ic,1297,tuanvu,1336,0,1282.788511,1350.211489,TRUE,Thua,0
Ninh,1740,tuanvu,1336,1,1742.848767,1333.151233,TRUE,Thắng,0
Ninh,1740,tuanvu,1336,1,1742.848767,1333.151233,TRUE,Thắng,x
osho,1788,Ninh,1740,1,1801.803475,1726.196525,TRUE,Thắng,x
osho,1788,Ninh,1740,0,1769.803475,1758.196525,TRUE,Thua,x
osho,1788,Ninh,1740,1,1801.803475,1726.196525,TRUE,Thắng,x
Domi,1964,Ichiban,1785,1,1972.416168,1776.583832,TRUE,Thắng,x
Domi,1964,Ichiban,1785,1,1972.416168,1776.583832,TRUE,Thắng,x
Ichiban,1785,Ninh,1740,1,1798.939184,1726.060816,TRUE,Thắng,x
Ichiban,1785,Ninh,1740,0,1766.939184,1758.060816,TRUE,Thua,x
Ichiban,1785,Ninh,1740,1,1798.939184,1726.060816,TRUE,Thắng,x
Wisdom,1407,Fervis,1671,0,1401.255847,1676.744153,TRUE,Thua,x
Wisdom,1407,Fervis,1671,0,1401.255847,1676.744153,TRUE,Thua,x
Wisdom,1407,Moon,1728,0,1402.643887,1732.356113,TRUE,Thua,x
Wisdom,1407,Moon,1728,0,1402.643887,1732.356113,TRUE,Thua,x
Datmm09,1112,Kephongluu,1348,0,1105.456637,1354.543363,TRUE,Thua,x
Datmm09,1112,Kephongluu,1348,0,1105.456637,1354.543363,TRUE,Thua,x
Wisdom,1407,Datmm09,1112,0,1379.950598,1139.049402,TRUE,Thua,x
Wisdom,1407,Datmm09,1112,1,1411.950598,1107.049402,TRUE,Thắng,x
Wisdom,1407,Datmm09,1112,1,1411.950598,1107.049402,TRUE,Thắng,x
osho,1788,hoanguyen,1323,1,1790.059488,1320.940512,TRUE,Thắng,x
osho,1788,hoanguyen,1323,1,1790.059488,1320.940512,TRUE,Thắng,x
hoanguyen,1323,Moon,1728,0,1320.166137,1730.833863,TRUE,Thua,x
hoanguyen,1323,Moon,1728,0,1320.166137,1730.833863,TRUE,Thua,x
LazyOldMan,1599,Wisdom,1407,1,1606.960295,1399.039705,TRUE,Thắng,x
LazyOldMan,1599,Wisdom,1407,1,1606.960295,1399.039705,TRUE,Thắng,x
osho,1788,Datmm09,1112,1,1788.640283,1111.359717,TRUE,Thắng,x
osho,1788,Datmm09,1112,1,1788.640283,1111.359717,TRUE,Thắng,x
TriBui,1701,dailygao,1377,1,1705.291533,1372.708467,TRUE,Thắng,x
TriBui,1701,dailygao,1377,1,1705.291533,1372.708467,TRUE,Thắng,x
DAT93BP,1201,dailygao,1377,0,1192.476278,1385.523722,TRUE,Thua,x
DAT93BP,1201,dailygao,1377,0,1192.476278,1385.523722,TRUE,Thua,x
osho,1788,Metallica,1657,0,1766.237738,1678.762262,TRUE,Thua,x
osho,1788,Metallica,1657,0,1766.237738,1678.762262,TRUE,Thua,x
Ichiban,1785,Wisdom,1407,1,1788.261815,1403.738185,TRUE,Thắng,x
Ichiban,1785,Wisdom,1407,1,1788.261815,1403.738185,TRUE,Thắng,x
Lancelot,1619,Metallica,1657,0,1604.74302,1671.25698,TRUE,Thua,x
Lancelot,1619,Metallica,1657,1,1636.74302,1639.25698,TRUE,Thắng,x
Lancelot,1619,Metallica,1657,1,1636.74302,1639.25698,TRUE,Thắng,x
Lancelot,1619,Moon,1728,0,1607.861185,1739.138815,TRUE,Thua,x
Lancelot,1619,Moon,1728,0,1607.861185,1739.138815,TRUE,Thua,x
Metallica,1657,tuanvu,1336,1,1661.356113,1331.643887,TRUE,Thắng,x
Metallica,1657,tuanvu,1336,1,1661.356113,1331.643887,TRUE,Thắng,x
Chairma,1359,TriBui,1701,0,1355.07912,1704.92088,TRUE,Thua,x
Chairma,1359,TriBui,1701,0,1355.07912,1704.92088,TRUE,Thua,x
Domi,1964,Chairma,1359,1,1964.953909,1358.046091,TRUE,Thắng,x
Domi,1964,Chairma,1359,1,1964.953909,1358.046091,TRUE,Thắng,x
LazyOldMan,1599,Moon,1728,1,1620.681939,1706.318061,TRUE,Thắng,x
LazyOldMan,1599,Moon,1728,0,1588.681939,1738.318061,TRUE,Thua,x
LazyOldMan,1599,Moon,1728,0,1588.681939,1738.318061,TRUE,Thua,x
Domi,1964,LazyOldMan,1599,1,1967.487651,1595.512349,TRUE,Thắng,x
Domi,1964,LazyOldMan,1599,1,1967.487651,1595.512349,TRUE,Thắng,x
Lancelot,1619,Kingtruong,1511,1,1630.180652,1499.819348,TRUE,Thắng,x
Lancelot,1619,Kingtruong,1511,1,1630.180652,1499.819348,TRUE,Thắng,x
Prac800ic,1297,Datmm09,1112,1,1305.203695,1103.796305,TRUE,Thắng,0
Prac800ic,1297,Datmm09,1112,1,1305.203695,1103.796305,TRUE,Thắng,0
Datmm09,1112,Afterall,1483,0,1108.618239,1486.381761,TRUE,Thua,0
Datmm09,1112,Afterall,1483,0,1108.618239,1486.381761,TRUE,Thua,
Truongbaorong,1461,dailygao,1377,0,1441.205308,1396.794692,TRUE,Thua,
Truongbaorong,1461,dailygao,1377,1,1473.205308,1364.794692,TRUE,Thắng,x
Truongbaorong,1461,dailygao,1377,1,1473.205308,1364.794692,TRUE,Thắng,x
SieuTitMit,1431,dailygao,1377,0,1412.533041,1395.466959,TRUE,Thua,x
SieuTitMit,1431,dailygao,1377,1,1444.533041,1363.466959,TRUE,Thắng,x
NghiaDepTrai,1262,TrieuVoi,1507,0,1255.722193,1513.277807,TRUE,Thua,x
NghiaDepTrai,1262,TrieuVoi,1507,1,1287.722193,1481.277807,TRUE,Thắng,x
NghiaDepTrai,1262,TrieuVoi,1507,0,1255.722193,1513.277807,TRUE,Thua,x
socnho,1505,TrieuVoi,1507,0,1489.092102,1522.907898,TRUE,Thua,x
socnho,1505,TrieuVoi,1507,0,1489.092102,1522.907898,TRUE,Thua,x
socnho,1505,Wisdom,1407,0,1484.602932,1427.397068,TRUE,Thua,x
socnho,1505,Wisdom,1407,1,1516.602932,1395.397068,TRUE,Thắng,
socnho,1505,Wisdom,1407,1,1516.602932,1395.397068,TRUE,Thắng,x
Ichiban,1785,socnho,1505,1,1790.322801,1499.677199,TRUE,Thắng,x
Ichiban,1785,socnho,1505,1,1790.322801,1499.677199,TRUE,Thắng,x
socnho,1505,Metallica,1657,0,1495.585004,1666.414996,TRUE,Thua,x
DAT93BP,1201,Kephongluu,1348,1,1223.392621,1325.607379,TRUE,Thắng,x
DAT93BP,1201,Kephongluu,1348,0,1191.392621,1357.607379,TRUE,Thua,x
DAT93BP,1201,Kephongluu,1348,0,1191.392621,1357.607379,TRUE,Thua,x
SieuTitMit,1431,dailygao,1377,1,1444.533041,1363.466959,TRUE,Thắng,
Truongbaorong,1461,Kephongluu,1348,0,1439.972202,1369.027798,TRUE,Thua,
Truongbaorong,1461,Kephongluu,1348,1,1471.972202,1337.027798,TRUE,Thắng,
Truongbaorong,1461,Kephongluu,1348,1,1471.972202,1337.027798,TRUE,Thắng,
Metallica,1657,dailygao,1377,1,1662.322801,1371.677199,TRUE,Thắng,
Metallica,1657,dailygao,1377,1,1662.322801,1371.677199,TRUE,Thắng,
gobo2k,1332,Wisdom,1407,0,1319.40121,1419.59879,TRUE,Thua,
gobo2k,1332,Wisdom,1407,1,1351.40121,1387.59879,TRUE,Thắng,
gobo2k,1332,Wisdom,1407,1,1351.40121,1387.59879,TRUE,Thắng,
Vinam,1653,gobo2k,1332,1,1657.356113,1327.643887,TRUE,Thắng,
Vinam,1653,gobo2k,1332,1,1657.356113,1327.643887,TRUE,Thắng,
Chairma,1359,Kephongluu,1348,1,1374.4936,1332.5064,TRUE,Thắng,
Chairma,1359,Kephongluu,1348,0,1342.4936,1364.5064,TRUE,Thua,
Chairma,1359,Kephongluu,1348,1,1374.4936,1332.5064,TRUE,Thắng,
gobo2k,1332,Metallica,1657,0,1327.729813,1661.270187,TRUE,Thua,
gobo2k,1332,Metallica,1657,0,1327.729813,1661.270187,TRUE,Thua,
gobo2k,1332,tuanvu,1336,1,1348.184199,1319.815801,TRUE,Thắng,
gobo2k,1332,tuanvu,1336,0,1316.184199,1351.815801,TRUE,Thua,
gobo2k,1332,tuanvu,1336,0,1316.184199,1351.815801,TRUE,Thua,
Chairma,1359,gobo2k,1332,1,1373.759101,1317.240899,TRUE,Thắng,
Chairma,1359,gobo2k,1332,1,1373.759101,1317.240899,TRUE,Thắng,
Chairma,1359,tuanvu,1336,1,1373.942355,1321.057645,TRUE,Thắng,
Chairma,1359,tuanvu,1336,1,1373.942355,1321.057645,TRUE,Thắng,
hoanguyen,1323,Kingtruong,1511,0,1314.901213,1519.098787,TRUE,Thua,
hoanguyen,1323,Kingtruong,1511,0,1314.901213,1519.098787,TRUE,Thua,
Kingtruong,1511,tuanvu,1336,1,1519.559767,1327.440233,TRUE,Thắng,
Kingtruong,1511,tuanvu,1336,1,1519.559767,1327.440233,TRUE,Thắng,
TrieuVoi,1507,Metallica,1657,1,1529.50832,1634.49168,TRUE,Thắng,
TrieuVoi,1507,Metallica,1657,0,1497.50832,1666.49168,TRUE,Thua,
TrieuVoi,1507,Metallica,1657,0,1497.50832,1666.49168,TRUE,Thua,
TrieuVoi,1507,Kephongluu,1348,1,1516.149475,1338.850525,TRUE,Thắng,
TrieuVoi,1507,Kephongluu,1348,1,1516.149475,1338.850525,TRUE,Thắng,
Kingtruong,1511,TriBui,1701,0,1502.970658,1709.029342,TRUE,Thua,
Kingtruong,1511,TriBui,1701,0,1502.970658,1709.029342,TRUE,Thua,
Kingtruong,1511,Kephongluu,1348,1,1519.999781,1339.000219,TRUE,Thắng,
Kingtruong,1511,Kephongluu,1348,0,1487.999781,1371.000219,TRUE,Thua,
TriBui,1701,Kephongluu,1348,1,1704.708181,1344.291819,TRUE,Thắng,
TriBui,1701,Kephongluu,1348,1,1704.708181,1344.291819,TRUE,Thắng,
gobo2k,1332,SieuTitMit,1431,0,1320.439608,1442.560392,TRUE,Thua,
gobo2k,1332,SieuTitMit,1431,1,1352.439608,1410.560392,TRUE,Thắng,
gobo2k,1332,SieuTitMit,1431,0,1320.439608,1442.560392,TRUE,Thua,
Metallica,1657,Kephongluu,1348,1,1661.622654,1343.377346,TRUE,Thắng,
Metallica,1657,Kephongluu,1348,1,1661.622654,1343.377346,TRUE,Thắng,
dailygao,1377,tuanvu,1336,1,1391.120596,1321.879404,TRUE,Thắng,
dailygao,1377,tuanvu,1336,0,1359.120596,1353.879404,TRUE,Thua,
dailygao,1377,tuanvu,1336,1,1391.120596,1321.879404,TRUE,Thắng,
hoanguyen,1323,SieuTitMit,1431,0,1311.819348,1442.180652,TRUE,Thua,
hoanguyen,1323,SieuTitMit,1431,1,1343.819348,1410.180652,TRUE,Thắng,
hoanguyen,1323,SieuTitMit,1431,1,1343.819348,1410.180652,TRUE,Thắng,
TriBui,1701,tuanvu,1336,1,1704.487651,1332.512349,TRUE,Thắng,
TriBui,1701,tuanvu,1336,1,1704.487651,1332.512349,TRUE,Thắng,
Datmm09,1112,dailygao,1377,0,1106.282927,1382.717073,TRUE,Thua,
Datmm09,1112,dailygao,1377,0,1106.282927,1382.717073,TRUE,Thua,
Datmm09,1112,LichKing,1258,0,1102.353876,1267.646124,TRUE,Thua,
Datmm09,1112,LichKing,1258,0,1102.353876,1267.646124,TRUE,Thua,
NghiaDepTrai,1262,SieuTitMit,1431,0,1253.221941,1439.778059,TRUE,Thua,
NghiaDepTrai,1262,SieuTitMit,1431,0,1253.221941,1439.778059,TRUE,Thua,
LazyOldMan,1599,TriBui,1701,0,1587.566818,1712.433182,TRUE,Thua,
LazyOldMan,1599,TriBui,1701,0,1587.566818,1712.433182,TRUE,Thua,
Domi,1964,Singlez,1819,1,1973.684957,1809.315043,TRUE,Thắng,
Domi,1964,Singlez,1819,1,1973.684957,1809.315043,TRUE,Thắng,
Vinam,1653,Singlez,1819,0,1644.111505,1827.888495,TRUE,Thua,
Vinam,1653,Singlez,1819,0,1644.111505,1827.888495,TRUE,Thua,
Vinam,1653,Moon,1728,0,1640.40121,1740.59879,TRUE,Thua,
Vinam,1653,Moon,1728,0,1640.40121,1740.59879,TRUE,Thua,
Vinam,1653,LazyOldMan,1599,0,1634.533041,1617.466959,TRUE,Thua,
Vinam,1653,LazyOldMan,1599,1,1666.533041,1585.466959,TRUE,Thắng,
Vinam,1653,LazyOldMan,1599,1,1666.533041,1585.466959,TRUE,Thắng,
Datmm09,1112,Moon,1728,0,1111.10298,1728.89702,TRUE,Thua,
Datmm09,1112,Moon,1728,0,1111.10298,1728.89702,TRUE,Thua,
Datmm09,1112,TriBui,1701,0,1110.957059,1702.042941,TRUE,Thua,
Datmm09,1112,TriBui,1701,0,1110.957059,1702.042941,TRUE,Thua,
hoanguyen,1323,Metallica,1657,1,1350.917907,1629.082093,TRUE,Thắng,
hoanguyen,1323,Metallica,1657,0,1318.917907,1661.082093,TRUE,Thua,
hoanguyen,1323,Metallica,1657,0,1318.917907,1661.082093,TRUE,Thua,
TrieuVoi,1507,Singlez,1819,0,1502.445226,1823.554774,TRUE,Thua,
TrieuVoi,1507,Singlez,1819,0,1502.445226,1823.554774,TRUE,Thua,
Chairma,1359,NghiaDepTrai,1262,0,1338.645539,1282.354461,TRUE,Thua,
Chairma,1359,NghiaDepTrai,1262,1,1370.645539,1250.354461,TRUE,Thắng,
Chairma,1359,NghiaDepTrai,1262,0,1338.645539,1282.354461,TRUE,Thua,
Datmm09,1112,tuanvu,1336,0,1105.089718,1342.910282,TRUE,Thua,
Datmm09,1112,tuanvu,1336,0,1105.089718,1342.910282,TRUE,Thua,
Ragnar,1510,hoanguyen,1323,1,1518.133657,1314.866343,TRUE,Thắng,
Ragnar,1510,hoanguyen,1323,0,1486.133657,1346.866343,TRUE,Thua,
Ragnar,1510,hoanguyen,1323,1,1518.133657,1314.866343,TRUE,Thắng,
osho,1788,TrieuVoi,1507,1,1793.297306,1501.702694,TRUE,Thắng,
osho,1788,TrieuVoi,1507,1,1793.297306,1501.702694,TRUE,Thắng,
NghiaDepTrai,1262,tuanvu,1336,0,1249.357213,1348.642787,TRUE,Thua,
NghiaDepTrai,1262,tuanvu,1336,0,1249.357213,1348.642787,TRUE,Thua,
hoanguyen,1323,TrieuVoi,1507,0,1314.761138,1515.238862,TRUE,Thua,
hoanguyen,1323,TrieuVoi,1507,0,1314.761138,1515.238862,TRUE,Thua,
TrieuVoi,1507,Kingtruong,1511,1,1523.184199,1494.815801,TRUE,Thắng,
TrieuVoi,1507,Kingtruong,1511,0,1491.184199,1526.815801,TRUE,Thua,
TrieuVoi,1507,Kingtruong,1511,1,1523.184199,1494.815801,TRUE,Thắng,
Kingtruong,1511,Metallica,1657,0,1501.353876,1666.646124,TRUE,Thua,
Kingtruong,1511,Metallica,1657,0,1501.353876,1666.646124,TRUE,Thua,
Kingtruong,1511,Fervis,1671,0,1501.888088,1680.111912,TRUE,Thua,
Kingtruong,1511,Fervis,1671,0,1501.888088,1680.111912,TRUE,Thua,
Truongbaorong,1461,tuanvu,1336,1,1471.479691,1325.520309,TRUE,Thắng,
Truongbaorong,1461,tuanvu,1336,1,1471.479691,1325.520309,TRUE,Thắng,
TrieuVoi,1507,Afterall,1483,0,1489.896514,1500.103486,TRUE,Thua,
TrieuVoi,1507,Afterall,1483,1,1521.896514,1468.103486,TRUE,Thắng,
TrieuVoi,1507,Afterall,1483,0,1489.896514,1500.103486,TRUE,Thua,
DAT93BP,1201,Fervis,1671,0,1198.995283,1673.004717,TRUE,Thua,
DAT93BP,1201,Fervis,1671,0,1198.995283,1673.004717,TRUE,Thua,
DAT93BP,1201,Metallica,1657,0,1198.838399,1659.161601,TRUE,Thua,
DAT93BP,1201,Metallica,1657,0,1198.838399,1659.161601,TRUE,Thua,
gobo2k,1332,Datmm09,1112,1,1339.035853,1104.964147,TRUE,Thắng,
gobo2k,1332,Datmm09,1112,1,1339.035853,1104.964147,TRUE,Thắng,
LichKing,1258,TriBui,1701,0,1255.682595,1703.317405,TRUE,Thua,
LichKing,1258,TriBui,1701,0,1255.682595,1703.317405,TRUE,Thua,
Ragnar,1510,tuanvu,1336,0,1486.595909,1359.404091,TRUE,Thua,
Ragnar,1510,tuanvu,1336,1,1518.595909,1327.404091,TRUE,Thắng,
Ragnar,1510,tuanvu,1336,1,1518.595909,1327.404091,TRUE,Thắng,
Moon,1728,tuanvu,1336,1,1731.033197,1332.966803,TRUE,Thắng,
Moon,1728,tuanvu,1336,1,1731.033197,1332.966803,TRUE,Thắng,
gobo2k,1332,dailygao,1377,0,1318.060816,1390.939184,TRUE,Thua,
gobo2k,1332,dailygao,1377,1,1350.060816,1358.939184,TRUE,Thắng,
gobo2k,1332,dailygao,1377,1,1350.060816,1358.939184,TRUE,Thắng,
gobo2k,1332,TrieuVoi,1507,1,1355.440233,1483.559767,TRUE,Thắng,
gobo2k,1332,TrieuVoi,1507,1,1355.440233,1483.559767,TRUE,Thắng,
Lancelot,1619,TrieuVoi,1507,1,1630.013744,1495.986256,TRUE,Thắng,
Lancelot,1619,TrieuVoi,1507,1,1630.013744,1495.986256,TRUE,Thắng,
hoanguyen,1323,Fervis,1671,0,1319.196409,1674.803591,TRUE,Thua,
hoanguyen,1323,Fervis,1671,0,1319.196409,1674.803591,TRUE,Thua,
Ichiban,1785,hoanguyen,1323,1,1787.093016,1320.906984,TRUE,Thắng,
Ichiban,1785,hoanguyen,1323,1,1787.093016,1320.906984,TRUE,Thắng,
Vinam,1653,hoanguyen,1323,1,1657.164802,1318.835198,TRUE,Thắng,
Vinam,1653,hoanguyen,1323,1,1657.164802,1318.835198,TRUE,Thắng,
hoanguyen,1323,Singlez,1819,0,1321.258788,1820.741212,TRUE,Thua,
hoanguyen,1323,Singlez,1819,0,1321.258788,1820.741212,TRUE,Thua,
Afterall,1483,dailygao,1377,1,1494.264544,1365.735456,TRUE,Thắng,
Afterall,1483,dailygao,1377,0,1462.264544,1397.735456,TRUE,Thua,
Chairma,1359,Moon,1728,0,1355.583261,1731.416739,TRUE,Thua,
Chairma,1359,Moon,1728,0,1355.583261,1731.416739,TRUE,Thua,
dailygao,1377,Kephongluu,1348,1,1391.667594,1333.332406,TRUE,Thắng,
dailygao,1377,Kephongluu,1348,0,1359.667594,1365.332406,TRUE,Thua,
dailygao,1377,Kephongluu,1348,1,1391.667594,1333.332406,TRUE,Thắng,
Fervis,1671,Kephongluu,1348,1,1675.312969,1343.687031,TRUE,Thắng,
Fervis,1671,Kephongluu,1348,1,1675.312969,1343.687031,TRUE,Thắng,
Ichiban,1785,Kephongluu,1348,0,1755.392754,1377.607246,TRUE,Thua,
Ichiban,1785,Kephongluu,1348,1,1787.392754,1345.607246,TRUE,Thắng,
Ichiban,1785,Kephongluu,1348,1,1787.392754,1345.607246,TRUE,Thắng,
Ninh,1740,SieuTitMit,1431,1,1744.622654,1426.377346,TRUE,Thắng,
Ninh,1740,SieuTitMit,1431,1,1744.622654,1426.377346,TRUE,Thắng,
SieuTitMit,1431,tuanvu,1336,1,1442.730954,1324.269046,TRUE,Thắng,
SieuTitMit,1431,tuanvu,1336,1,1442.730954,1324.269046,TRUE,Thắng,
Ichiban,1785,TrieuVoi,1507,1,1790.374085,1501.625915,TRUE,Thắng,
Ichiban,1785,TrieuVoi,1507,1,1790.374085,1501.625915,TRUE,Thắng,
Prac800ic,1297,Moon,1728,0,1294.529651,1730.470349,TRUE,Thua,
Prac800ic,1297,Moon,1728,0,1294.529651,1730.470349,TRUE,Thua,
Prac800ic,1297,Kephongluu,1348,0,1283.331912,1361.668088,TRUE,Thua,
Prac800ic,1297,Kephongluu,1348,1,1315.331912,1329.668088,TRUE,Thắng,
Prac800ic,1297,Kephongluu,1348,0,1283.331912,1361.668088,TRUE,Thua,
Vinam,1653,dailygao,1377,1,1658.425763,1371.574237,TRUE,Thắng,
Vinam,1653,dailygao,1377,1,1658.425763,1371.574237,TRUE,Thắng,
Ninh,1740,Kephongluu,1348,1,1743.033197,1344.966803,TRUE,Thắng,
Ninh,1740,Kephongluu,1348,0,1711.033197,1376.966803,TRUE,Thua,
Ninh,1740,Kephongluu,1348,1,1743.033197,1344.966803,TRUE,Thắng,
osho,1788,LazyOldMan,1599,1,1796.064015,1590.935985,TRUE,Thắng,
osho,1788,LazyOldMan,1599,1,1796.064015,1590.935985,TRUE,Thắng,
LazyOldMan,1599,Singlez,1819,1,1623.964147,1794.035853,TRUE,Thắng,
LazyOldMan,1599,Singlez,1819,0,1591.964147,1826.035853,TRUE,Thua,
LazyOldMan,1599,Singlez,1819,0,1591.964147,1826.035853,TRUE,Thua,
Singlez,1819,Fervis,1671,1,1828.568723,1661.431277,TRUE,Thắng,
Singlez,1819,Fervis,1671,1,1828.568723,1661.431277,TRUE,Thắng,
Ninh,1740,Singlez,1819,0,1727.576656,1831.423344,TRUE,Thua,
Domi,1964,Moon,1728,1,1970.543363,1721.456637,TRUE,Thắng,
Domi,1964,Moon,1728,1,1970.543363,1721.456637,TRUE,Thắng,
tuanvu,1336,Kephongluu,1348,1,1352.552401,1331.447599,TRUE,Thắng,
tuanvu,1336,Kephongluu,1348,0,1320.552401,1363.447599,TRUE,Thua,
tuanvu,1336,Kephongluu,1348,1,1352.552401,1331.447599,TRUE,Thắng,
gobo2k,1332,Fervis,1671,0,1328.019317,1674.980683,TRUE,Thua,
gobo2k,1332,Fervis,1671,0,1328.019317,1674.980683,TRUE,Thua,
Prac800ic,1297,TriBui,1701,0,1294.151233,1703.848767,TRUE,Thua,
Prac800ic,1297,TriBui,1701,0,1294.151233,1703.848767,TRUE,Thua,
Ninh,1740,Metallica,1657,1,1752.248799,1644.751201,TRUE,Thắng,
Ninh,1740,Metallica,1657,1,1752.248799,1644.751201,TRUE,Thắng,
Afterall,1483,dailygao,1377,1,1494.264544,1365.735456,TRUE,Thắng,
Vinam,1653,NghiaDepTrai,1262,1,1656.049039,1258.950961,TRUE,Thắng,
Vinam,1653,NghiaDepTrai,1262,1,1656.049039,1258.950961,TRUE,Thắng,
NghiaDepTrai,1262,dailygao,1377,1,1283.110656,1355.889344,TRUE,Thắng,
NghiaDepTrai,1262,dailygao,1377,0,1251.110656,1387.889344,TRUE,Thua,
NghiaDepTrai,1262,dailygao,1377,0,1251.110656,1387.889344,TRUE,Thua,
Domi,1964,Wisdom,1407,1,1965.245679,1405.754321,TRUE,Thắng,
Domi,1964,Wisdom,1407,1,1965.245679,1405.754321,TRUE,Thắng,
Vinam,1653,Datmm09,1112,1,1654.360749,1110.639251,TRUE,Thắng,
Vinam,1653,Datmm09,1112,1,1654.360749,1110.639251,TRUE,Thắng,
Prac800ic,1297,dailygao,1377,0,1284.620378,1389.379622,TRUE,Thua,
Prac800ic,1297,dailygao,1377,0,1284.620378,1389.379622,TRUE,Thua,
Domi,1964,Ninh,1740,1,1970.910282,1733.089718,TRUE,Thắng,
Domi,1964,Ninh,1740,1,1970.910282,1733.089718,TRUE,Thắng,
Chairma,1359,Wisdom,1407,0,1345.196525,1420.803475,TRUE,Thua,
Chairma,1359,Wisdom,1407,0,1345.196525,1420.803475,TRUE,Thua,
Vinam,1653,Prac800ic,1297,1,1656.651938,1293.348062,TRUE,Thắng,
Vinam,1653,Prac800ic,1297,1,1656.651938,1293.348062,TRUE,Thắng,
Wisdom,1407,tuanvu,1336,1,1419.775096,1323.224904,TRUE,Thắng,
Wisdom,1407,tuanvu,1336,0,1387.775096,1355.224904,TRUE,Thua,
Wisdom,1407,tuanvu,1336,0,1387.775096,1355.224904,TRUE,Thua,
Kingtruong,1511,Moon,1728,0,1503.868899,1735.131101,TRUE,Thua,
Kingtruong,1511,Moon,1728,0,1503.868899,1735.131101,TRUE,Thua,
Kingtruong,1511,Kephongluu,1348,1,1519.999781,1339.000219,TRUE,Thắng,
Kingtruong,1511,Kephongluu,1348,0,1487.999781,1371.000219,TRUE,Thua,
Kingtruong,1511,Kephongluu,1348,1,1519.999781,1339.000219,TRUE,Thắng,
hoanguyen,1323,dailygao,1377,1,1341.466959,1358.533041,TRUE,Thắng,
hoanguyen,1323,dailygao,1377,0,1309.466959,1390.533041,TRUE,Thua,
hoanguyen,1323,dailygao,1377,0,1309.466959,1390.533041,TRUE,Thua,
Wisdom,1407,LichKing,1258,1,1416.530157,1248.469843,TRUE,Thắng,
Wisdom,1407,LichKing,1258,1,1416.530157,1248.469843,TRUE,Thắng,
hoanguyen,1323,LichKing,1258,1,1336.041081,1244.958919,TRUE,Thắng,
hoanguyen,1323,LichKing,1258,0,1304.041081,1276.958919,TRUE,Thua,
hoanguyen,1323,LichKing,1258,1,1336.041081,1244.958919,TRUE,Thắng,
Moon,1728,LichKing,1258,1,1730.004717,1255.995283,TRUE,Thắng,
Moon,1728,LichKing,1258,1,1730.004717,1255.995283,TRUE,Thắng,
SieuTitMit,1431,LichKing,1258,0,1407.632147,1281.367853,TRUE,Thua,
SieuTitMit,1431,LichKing,1258,1,1439.632147,1249.367853,TRUE,Thắng,
SieuTitMit,1431,LichKing,1258,1,1439.632147,1249.367853,TRUE,Thắng,
longnt,1548,hoanguyen,1323,1,1554.879144,1316.120856,TRUE,Thắng,
longnt,1548,hoanguyen,1323,1,1554.879144,1316.120856,TRUE,Thắng,
Vinam,1653,tuanvu,1336,1,1657.44349,1331.55651,TRUE,Thắng,
Vinam,1653,tuanvu,1336,1,1657.44349,1331.55651,TRUE,Thắng,
Kingtruong,1511,Datmm09,1112,1,1513.924351,1109.075649,TRUE,Thắng,
Kingtruong,1511,Datmm09,1112,1,1513.924351,1109.075649,TRUE,Thắng,
gobo2k,1332,Kingtruong,1511,0,1323.583832,1519.416168,TRUE,Thua,
gobo2k,1332,Kingtruong,1511,0,1323.583832,1519.416168,TRUE,Thua,
TrieuVoi,1507,dailygao,1377,1,1517.277859,1366.722141,TRUE,Thắng,
TrieuVoi,1507,dailygao,1377,1,1517.277859,1366.722141,TRUE,Thắng,
Prac800ic,1297,SieuTitMit,1431,1,1318.882122,1409.117878,TRUE,Thắng,
Prac800ic,1297,SieuTitMit,1431,0,1286.882122,1441.117878,TRUE,Thua,
Prac800ic,1297,SieuTitMit,1431,0,1286.882122,1441.117878,TRUE,Thua,
Ninh,1740,Datmm09,1112,1,1740.838717,1111.161283,TRUE,Thắng,
Ninh,1740,Datmm09,1112,1,1740.838717,1111.161283,TRUE,Thắng,
SieuTitMit,1431,Datmm09,1112,1,1435.399619,1107.600381,TRUE,Thắng,
SieuTitMit,1431,Datmm09,1112,1,1435.399619,1107.600381,TRUE,Thắng,
TrieuVoi,1507,Datmm09,1112,1,1509.986111,1109.013889,TRUE,Thắng,
TrieuVoi,1507,Datmm09,1112,1,1509.986111,1109.013889,TRUE,Thắng,
Singlez,1819,Datmm09,1112,1,1819.537396,1111.462604,TRUE,Thắng,
Singlez,1819,Datmm09,1112,1,1819.537396,1111.462604,TRUE,Thắng,
LazyOldMan,1599,Fervis,1671,1,1618.269059,1651.730941,TRUE,Thắng,
LazyOldMan,1599,Fervis,1671,0,1586.269059,1683.730941,TRUE,Thua,
LazyOldMan,1599,Fervis,1671,0,1586.269059,1683.730941,TRUE,Thua,
LazyOldMan,1599,Ninh,1740,0,1589.158829,1749.841171,TRUE,Thua,
gobo2k,1332,Prac800ic,1297,0,1314.393621,1314.606379,TRUE,Thua,
gobo2k,1332,Prac800ic,1297,0,1314.393621,1314.606379,TRUE,Thua,
Singlez,1819,Afterall,1483,1,1823.041267,1478.958733,TRUE,Thắng,
Singlez,1819,Afterall,1483,1,1823.041267,1478.958733,TRUE,Thắng,
Prac800ic,1297,Truongbaorong,1461,0,1288.037408,1469.962592,TRUE,Thua,
Prac800ic,1297,Truongbaorong,1461,0,1288.037408,1469.962592,TRUE,Thua,
Kingtruong,1511,Afterall,1483,1,1525.713337,1468.286663,TRUE,Thắng,
Kingtruong,1511,Afterall,1483,1,1525.713337,1468.286663,TRUE,Thắng,
NghiaDepTrai,1262,Prac800ic,1297,0,1247.606379,1311.393621,TRUE,Thua,
NghiaDepTrai,1262,Prac800ic,1297,0,1247.606379,1311.393621,TRUE,Thua,
hoanguyen,1323,Afterall,1483,1,1345.888088,1460.111912,TRUE,Thắng,
hoanguyen,1323,Afterall,1483,1,1345.888088,1460.111912,TRUE,Thắng,
hoanguyen,1323,Ninh,1740,0,1320.339559,1742.660441,TRUE,Thua,
hoanguyen,1323,Ninh,1740,0,1320.339559,1742.660441,TRUE,Thua,
osho,1788,gobo2k,1332,1,1790.161601,1329.838399,TRUE,Thắng,
longnt,1548,LazyOldMan,1599,0,1534.331912,1612.668088,TRUE,Thua,
longnt,1548,LazyOldMan,1599,0,1534.331912,1612.668088,TRUE,Thua,
LazyOldMan,1599,Ninh,1740,0,1589.158829,1749.841171,TRUE,Thua,
osho,1788,gobo2k,1332,1,1790.161601,1329.838399,TRUE,Thắng,
Ninh,1740,TrieuVoi,1507,1,1746.633716,1500.366284,TRUE,Thắng,
Ninh,1740,TrieuVoi,1507,0,1714.633716,1532.366284,TRUE,Thua,
Ninh,1740,TrieuVoi,1507,1,1746.633716,1500.366284,TRUE,Thắng,
LazyOldMan,1599,hoanguyen,1323,1,1604.425763,1317.574237,TRUE,Thắng,
LazyOldMan,1599,hoanguyen,1323,1,1604.425763,1317.574237,TRUE,Thắng,
TrieuVoi,1507,Truongbaorong,1461,1,1520.893914,1447.106086,TRUE,Thắng,
TrieuVoi,1507,Truongbaorong,1461,1,1520.893914,1447.106086,TRUE,Thắng,
gobo2k,1332,hoanguyen,1323,0,1315.585627,1339.414373,TRUE,Thua,
gobo2k,1332,hoanguyen,1323,1,1347.585627,1307.414373,TRUE,Thắng,
gobo2k,1332,hoanguyen,1323,1,1347.585627,1307.414373,TRUE,Thắng,
NghiaDepTrai,1262,Kingtruong,1511,0,1255.837574,1517.162426,TRUE,Thua,
NghiaDepTrai,1262,Kingtruong,1511,0,1255.837574,1517.162426,TRUE,Thua,
Ninh,1740,Kingtruong,1511,1,1746.755614,1504.244386,TRUE,Thắng,
Ninh,1740,Kingtruong,1511,1,1746.755614,1504.244386,TRUE,Thắng,
gobo2k,1332,LichKing,1258,0,1312.642787,1277.357213,TRUE,Thua,
gobo2k,1332,LichKing,1258,1,1344.642787,1245.357213,TRUE,Thắng,
gobo2k,1332,LichKing,1258,1,1344.642787,1245.357213,TRUE,Thắng,
LazyOldMan,1599,Metallica,1657,0,1585.64646,1670.35354,TRUE,Thua,
LazyOldMan,1599,Metallica,1657,1,1617.64646,1638.35354,TRUE,Thắng,
LazyOldMan,1599,Metallica,1657,0,1585.64646,1670.35354,TRUE,Thua,
SieuTitMit,1431,Afterall,1483,1,1449.376967,1464.623033,TRUE,Thắng,
SieuTitMit,1431,Afterall,1483,1,1449.376967,1464.623033,TRUE,Thắng,
LazyOldMan,1599,Kingtruong,1511,1,1611.031944,1498.968056,TRUE,Thắng,
LazyOldMan,1599,Kingtruong,1511,0,1579.031944,1530.968056,TRUE,Thua,
LazyOldMan,1599,Kingtruong,1511,1,1611.031944,1498.968056,TRUE,Thắng,
LazyOldMan,1599,TrieuVoi,1507,1,1610.859566,1495.140434,TRUE,Thắng,
LazyOldMan,1599,TrieuVoi,1507,1,1610.859566,1495.140434,TRUE,Thắng,
LazyOldMan,1599,Afterall,1483,0,1577.848029,1504.151971,TRUE,Thua,
,#N/A,,#N/A,0.5,#N/A,#N/A,,,