Ngày,Người chơi,ELO mới
11/9/2024 11:59:56,longnt,1516
11/9/2024 11:59:56,VitaminZ,1484
11/9/2024 11:59:56,longnt,1531
11/9/2024 11:59:56,VitaminZ,1469
11/9/2024 11:59:56,Wisdom,1484
11/9/2024 11:59:56,Lancelot,1516
11/9/2024 11:59:56,Wisdom,1469
11/9/2024 11:59:56,Lancelot,1531
11/9/2024 11:59:56,gobo2k,1516
11/9/2024 11:59:56,hoanguyen,1484
11/9/2024 11:59:56,gobo2k,1499
11/9/2024 11:59:56,hoanguyen,1501
11/9/2024 11:59:56,gobo2k,1515
11/9/2024 11:59:56,hoanguyen,1485
11/9/2024 11:59:56,socnho,1516
11/9/2024 11:59:56,Ichiban,1484
11/9/2024 11:59:56,socnho,1499
11/9/2024 11:59:56,Ichiban,1501
11/9/2024 11:59:56,socnho,1515
11/9/2024 11:59:56,Ichiban,1485
11/9/2024 11:59:56,Chairma,1484
11/9/2024 11:59:56,LazyOldMan,1516
11/9/2024 11:59:56,Chairma,1469
11/9/2024 11:59:56,LazyOldMan,1531
11/9/2024 11:59:56,osho,1516
11/9/2024 11:59:56,Ragnar,1484
11/9/2024 11:59:56,osho,1531
11/9/2024 11:59:56,Ragnar,1469
11/9/2024 11:59:56,Vinam,1484
11/9/2024 11:59:56,Ninh,1516
11/9/2024 11:59:56,Vinam,1469
11/9/2024 11:59:56,Ninh,1531
11/9/2024 11:59:56,Domi,1516
11/9/2024 11:59:56,NghiaDepTrai,1484
11/9/2024 11:59:56,Domi,1531
11/9/2024 11:59:56,NghiaDepTrai,1469
11/9/2024 11:59:56,osho,1512
11/9/2024 11:59:56,Wisdom,1488
11/9/2024 11:59:56,osho,1527
11/9/2024 11:59:56,Wisdom,1473
11/9/2024 11:59:56,osho,1541
11/9/2024 11:59:56,Wisdom,1459
11/9/2024 11:59:56,gobo2k,1529
11/9/2024 11:59:56,Chairma,1455
11/9/2024 11:59:56,gobo2k,1510
11/9/2024 11:59:56,Chairma,1474
11/9/2024 11:59:56,gobo2k,1524
11/9/2024 11:59:56,Chairma,1460
11/9/2024 11:59:56,Vinam,1487
11/9/2024 11:59:56,socnho,1497
11/9/2024 11:59:56,Vinam,1503
11/9/2024 11:59:56,socnho,1481
11/9/2024 11:59:56,Domi,1547
11/9/2024 11:59:56,longnt,1515
11/9/2024 11:59:56,Domi,1562
11/9/2024 11:59:56,longnt,1500
11/9/2024 11:59:56,Ragnar,1456
11/9/2024 11:59:56,Lancelot,1544
11/9/2024 11:59:56,Ragnar,1444
11/9/2024 11:59:56,Lancelot,1556
11/9/2024 11:59:56,NghiaDepTrai,1485
11/9/2024 11:59:56,VitaminZ,1453
11/9/2024 11:59:56,NghiaDepTrai,1500
11/9/2024 11:59:56,VitaminZ,1438
11/9/2024 11:59:56,LazyOldMan,1545
11/9/2024 11:59:56,hoanguyen,1471
11/9/2024 11:59:56,LazyOldMan,1558
11/9/2024 11:59:56,hoanguyen,1458
11/9/2024 11:59:56,Ninh,1513
11/9/2024 11:59:56,Ichiban,1503
11/9/2024 11:59:56,Ninh,1497
11/9/2024 11:59:56,Ichiban,1519
11/9/2024 11:59:56,Chairma,1475
11/9/2024 11:59:56,VitaminZ,1423
11/9/2024 11:59:56,Chairma,1457
11/9/2024 11:59:56,VitaminZ,1441
11/9/2024 11:59:56,Chairma,1472
11/9/2024 11:59:56,VitaminZ,1426
11/9/2024 11:59:56,osho,1524
11/9/2024 11:59:56,Ichiban,1536
11/9/2024 11:59:56,osho,1509
11/9/2024 11:59:56,Ichiban,1551
11/9/2024 11:59:56,Vinam,1517
11/9/2024 11:59:56,hoanguyen,1444
11/9/2024 11:59:56,Vinam,1530
11/9/2024 11:59:56,hoanguyen,1431
11/9/2024 11:59:56,Domi,1578
11/9/2024 11:59:56,Lancelot,1540
11/9/2024 11:59:56,Domi,1592
11/9/2024 11:59:56,Lancelot,1526
11/9/2024 11:59:56,LazyOldMan,1571
11/9/2024 11:59:56,longnt,1487
11/9/2024 11:59:56,LazyOldMan,1551
11/9/2024 11:59:56,longnt,1507
11/9/2024 11:59:56,LazyOldMan,1565
11/9/2024 11:59:56,longnt,1493
11/9/2024 11:59:56,Ragnar,1462
11/9/2024 11:59:56,socnho,1463
11/9/2024 11:59:56,Ragnar,1446
11/9/2024 11:59:56,socnho,1479
11/9/2024 12:02:49,Ragnar,1432
11/9/2024 12:02:49,socnho,1493
11/9/2024 12:02:49,Zodiac,1517
11/9/2024 12:02:49,gobo2k,1507
11/9/2024 12:02:49,Zodiac,1533
11/9/2024 12:02:49,gobo2k,1491
11/9/2024 12:02:49,NghiaDepTrai,1482
11/9/2024 12:02:49,Wisdom,1477
11/9/2024 12:02:49,NghiaDepTrai,1466
11/9/2024 12:02:49,Wisdom,1493
11/9/2024 12:02:49,DAT93BP,1484
11/9/2024 12:02:49,Prac800ic,1516
11/9/2024 12:02:49,DAT93BP,1469
11/9/2024 12:02:49,Prac800ic,1531
11/9/2024 12:02:49,Ragnar,1451
11/9/2024 12:02:49,Truongbaorong,1481
11/9/2024 12:02:49,Ragnar,1468
11/9/2024 12:02:49,Truongbaorong,1464
11/9/2024 12:02:49,Ichiban,1564
11/9/2024 12:02:49,gobo2k,1478
11/9/2024 12:02:49,Ichiban,1576
11/9/2024 12:02:49,gobo2k,1466
11/9/2024 12:02:49,Ichiban,1587
11/9/2024 12:02:49,NghiaDepTrai,1455
11/9/2024 12:02:49,Ichiban,1597
11/9/2024 12:02:49,NghiaDepTrai,1445
11/9/2024 12:02:49,DAT93BP,1454
11/9/2024 12:02:49,Kingtruong,1515
11/9/2024 12:02:49,DAT93BP,1441
11/9/2024 12:02:49,Kingtruong,1528
11/9/2024 12:02:49,Truongbaorong,1451
11/9/2024 12:02:49,Kingtruong,1541
11/9/2024 12:02:49,Truongbaorong,1439
11/9/2024 12:02:49,Kingtruong,1553
11/9/2024 12:02:49,Ichiban,1609
11/9/2024 12:02:49,Moon,1488
11/9/2024 12:02:49,Ichiban,1620
11/9/2024 12:02:49,Moon,1477
11/9/2024 12:02:49,Domi,1604
11/9/2024 12:02:49,longnt,1481
11/9/2024 12:02:49,Domi,1615
11/9/2024 12:02:49,longnt,1470
11/9/2024 12:02:49,longnt,1455
11/9/2024 12:02:49,Singlez,1515
11/9/2024 12:02:49,longnt,1442
11/9/2024 12:02:49,Singlez,1528
11/9/2024 12:02:49,longnt,1459
11/9/2024 12:02:49,Ragnar,1451
11/9/2024 12:02:49,Ragnar,1435
11/9/2024 12:02:49,longnt,1475
11/9/2024 12:02:49,socnho,1507
11/9/2024 12:02:49,Truongbaorong,1425
11/9/2024 12:02:49,socnho,1519
11/9/2024 12:02:49,Truongbaorong,1413
11/9/2024 12:02:49,Lancelot,1542
11/9/2024 12:02:49,Prac800ic,1515
11/9/2024 12:02:49,Lancelot,1557
11/9/2024 12:02:49,Prac800ic,1500
11/9/2024 12:02:49,Truongbaorong,1433
11/9/2024 12:02:49,Datmm09,1480
11/9/2024 12:02:49,Truongbaorong,1451
11/9/2024 12:02:49,Datmm09,1462
11/9/2024 12:02:49,Lancelot,1568
11/9/2024 12:02:49,Truongbaorong,1440
11/9/2024 12:02:49,Lancelot,1578
11/9/2024 12:02:49,Truongbaorong,1430
11/9/2024 12:02:49,Truongbaorong,1417
11/9/2024 12:02:49,SieuTitMit,1513
11/9/2024 12:02:49,Truongbaorong,1437
11/9/2024 12:02:49,SieuTitMit,1493
11/9/2024 12:02:49,Truongbaorong,1456
11/9/2024 12:02:49,SieuTitMit,1474
11/9/2024 12:02:49,Ragnar,1456
11/9/2024 12:02:49,Kingtruong,1532
11/9/2024 12:02:49,Ragnar,1475
11/9/2024 12:02:49,Kingtruong,1513
11/9/2024 12:02:49,Lancelot,1590
11/9/2024 12:02:49,2Life,1488
11/9/2024 12:02:49,Lancelot,1601
11/9/2024 12:02:49,2Life,1477
11/9/2024 12:02:49,Ichiban,1635
11/9/2024 12:02:49,Lancelot,1586
11/9/2024 12:02:49,Ichiban,1617
11/9/2024 12:02:49,Lancelot,1604
11/9/2024 12:02:49,Ichiban,1632
11/9/2024 12:02:49,Lancelot,1589
11/9/2024 12:02:49,Ichiban,1611
11/9/2024 12:02:49,Kingtruong,1534
11/9/2024 12:02:49,Ichiban,1624
11/9/2024 12:02:49,Kingtruong,1521
11/9/2024 12:02:49,Ichiban,1635
11/9/2024 12:02:49,Kingtruong,1510
11/9/2024 12:02:49,Singlez,1543
11/9/2024 12:02:49,Kingtruong,1495
11/9/2024 12:02:49,Singlez,1557
11/9/2024 12:02:49,Kingtruong,1481
11/9/2024 12:02:49,Truongbaorong,1474
11/9/2024 12:02:49,Fervis,1482
11/9/2024 12:02:49,Truongbaorong,1458
11/9/2024 12:02:49,Fervis,1498
11/9/2024 13:32:59,Truongbaorong,1444
11/9/2024 13:32:59,Fervis,1512
11/9/2024 13:32:59,socnho,1532
11/9/2024 13:32:59,Datmm09,1449
11/9/2024 13:32:59,socnho,1544
11/9/2024 13:32:59,Datmm09,1437
11/9/2024 13:32:59,Lancelot,1598
11/9/2024 13:32:59,Datmm09,1428
11/9/2024 13:32:59,Lancelot,1607
11/9/2024 13:32:59,Datmm09,1419
11/9/2024 13:32:59,osho,1523
11/9/2024 13:32:59,Chairma,1458
11/9/2024 13:32:59,osho,1536
11/9/2024 13:32:59,Chairma,1445
11/9/2024 13:32:59,Lancelot,1588
11/9/2024 13:32:59,socnho,1563
11/9/2024 13:32:59,Lancelot,1571
11/9/2024 13:32:59,socnho,1580
11/9/2024 13:32:59,Ragnar,1495
11/9/2024 13:32:59,Lancelot,1551
11/9/2024 13:32:59,Ragnar,1514
11/9/2024 13:32:59,Lancelot,1532
11/9/2024 13:32:59,Truongbaorong,1462
11/9/2024 13:32:59,Moon,1459
11/9/2024 13:32:59,Truongbaorong,1446
11/9/2024 13:32:59,Moon,1475
11/9/2024 13:32:59,Ichiban,1646
11/9/2024 13:32:59,Ragnar,1503
11/9/2024 13:32:59,Ichiban,1656
11/9/2024 13:32:59,Ragnar,1493
11/9/2024 13:32:59,Truongbaorong,1464
11/9/2024 13:32:59,Afterall,1482
11/9/2024 13:32:59,Truongbaorong,1449
11/9/2024 13:32:59,Afterall,1497
11/9/2024 13:32:59,Truongbaorong,1435
11/9/2024 13:32:59,Afterall,1511
11/9/2024 13:32:59,Singlez,1568
11/9/2024 13:32:59,Truongbaorong,1424
11/9/2024 13:32:59,Singlez,1578
11/9/2024 13:32:59,Truongbaorong,1414
11/9/2024 13:32:59,NghiaDepTrai,1460
11/9/2024 13:32:59,Truongbaorong,1399
11/9/2024 13:32:59,NghiaDepTrai,1441
11/9/2024 13:32:59,Truongbaorong,1418
11/9/2024 13:32:59,NghiaDepTrai,1456
11/9/2024 13:32:59,Truongbaorong,1403
11/9/2024 13:32:59,socnho,1591
11/9/2024 13:32:59,NghiaDepTrai,1445
11/9/2024 13:32:59,socnho,1601
11/9/2024 13:32:59,NghiaDepTrai,1435
11/9/2024 13:32:59,Truongbaorong,1422
11/9/2024 13:32:59,Moon,1456
11/9/2024 13:32:59,Ragnar,1478
11/9/2024 13:32:59,Afterall,1526
11/9/2024 13:32:59,Ragnar,1464
11/9/2024 13:32:59,Afterall,1540
11/9/2024 13:32:59,SieuTitMit,1457
11/9/2024 13:32:59,Moon,1473
11/9/2024 13:32:59,Moon,1488
11/9/2024 13:32:59,SieuTitMit,1442
11/9/2024 13:32:59,Ninh,1515
11/9/2024 13:32:59,Afterall,1522
11/9/2024 13:32:59,Ragnar,1479
11/9/2024 13:32:59,DAT93BP,1426
11/9/2024 13:32:59,Ragnar,1493
11/9/2024 13:32:59,DAT93BP,1412
11/9/2024 13:32:59,Ragnar,1479
11/9/2024 13:32:59,Vinam,1544
11/9/2024 13:32:59,Ragnar,1466
11/9/2024 13:32:59,Vinam,1557
11/9/2024 13:32:59,Ninh,1527
11/9/2024 13:32:59,Truongbaorong,1410
11/9/2024 13:32:59,Ninh,1538
11/9/2024 13:32:59,Truongbaorong,1399
11/9/2024 13:32:59,Vinam,1566
11/9/2024 13:32:59,Truongbaorong,1390
11/9/2024 13:32:59,Lancelot,1547
11/9/2024 13:32:59,TrungHoang,1485
11/9/2024 13:32:59,Lancelot,1528
11/9/2024 13:32:59,TrungHoang,1504
11/9/2024 13:32:59,Lancelot,1543
11/9/2024 13:32:59,TrungHoang,1489
11/9/2024 13:32:59,Truongbaorong,1378
11/9/2024 13:32:59,TrungHoang,1501
11/9/2024 13:32:59,Truongbaorong,1399
11/9/2024 13:32:59,TrungHoang,1480
11/9/2024 13:32:59,Truongbaorong,1419
11/9/2024 13:32:59,TrungHoang,1460
11/9/2024 13:32:59,Moon,1473
11/9/2024 13:32:59,Fervis,1527
11/9/2024 13:32:59,Moon,1491
11/9/2024 13:32:59,Fervis,1509
11/9/2024 13:32:59,Moon,1508
11/9/2024 13:32:59,Fervis,1492
11/9/2024 13:32:59,Lancelot,1553
11/9/2024 13:32:59,DAT93BP,1402
11/9/2024 13:32:59,Lancelot,1562
11/9/2024 13:32:59,DAT93BP,1393
11/9/2024 13:32:59,TrieuVoi,1484
11/9/2024 13:32:59,Moon,1524
11/9/2024 13:37:15,Moon,1538
11/9/2024 13:37:15,TrieuVoi,1470
11/9/2024 13:37:15,Lancelot,1575
11/9/2024 13:37:15,LichKing,1487
11/9/2024 13:37:15,Ragnar,1483
11/9/2024 13:37:15,Wisdom,1476
11/9/2024 13:37:15,Ragnar,1499
11/9/2024 13:37:15,Wisdom,1460
11/9/2024 13:37:15,Lancelot,1587
11/9/2024 13:37:15,LichKing,1475
11/9/2024 13:37:15,Ichiban,1668
11/9/2024 13:37:15,Vinam,1554
11/9/2024 13:37:15,Ichiban,1679
11/9/2024 13:37:15,Vinam,1543
11/9/2024 13:37:15,Ninh,1556
11/9/2024 13:37:15,Singlez,1560
11/9/2024 13:37:15,Ninh,1540
11/9/2024 13:37:15,Singlez,1576
11/9/2024 13:37:15,hoanguyen,1445
11/9/2024 13:37:15,DAT93BP,1379
11/9/2024 13:37:15,hoanguyen,1458
11/9/2024 13:37:15,DAT93BP,1366
11/9/2024 13:37:15,Lancelot,1569
11/9/2024 13:37:15,Vinam,1561
11/9/2024 13:37:15,Lancelot,1553
11/9/2024 13:37:15,Vinam,1577
11/9/2024 13:37:15,Vinam,1559
11/9/2024 13:37:15,Ninh,1558
11/9/2024 13:37:15,Vinam,1575
11/9/2024 13:37:15,Ninh,1542
11/9/2024 13:37:15,Vinam,1557
11/9/2024 13:37:15,Ninh,1560
11/9/2024 13:37:15,Wisdom,1472
11/9/2024 13:37:15,DAT93BP,1354
11/9/2024 13:37:15,Wisdom,1483
11/9/2024 13:37:15,DAT93BP,1343
11/9/2024 13:37:15,longnt,1456
11/9/2024 13:37:15,Truongbaorong,1438
11/9/2024 13:37:15,longnt,1471
11/9/2024 13:37:15,Truongbaorong,1423
11/9/2024 13:37:15,longnt,1485
11/9/2024 13:37:15,Truongbaorong,1409
11/9/2024 13:37:15,Lancelot,1538
11/9/2024 13:37:15,Singlez,1591
11/9/2024 13:37:15,Lancelot,1524
11/9/2024 13:37:15,Singlez,1605
11/9/2024 13:37:15,longnt,1500
11/9/2024 13:37:15,TrungHoang,1445
11/9/2024 13:37:15,longnt,1513
11/9/2024 13:37:15,TrungHoang,1432
11/9/2024 13:37:15,Ninh,1542
11/9/2024 13:37:15,Afterall,1540
11/9/2024 13:37:15,Ninh,1558
11/9/2024 13:37:15,Afterall,1524
11/9/2024 13:37:15,Ragnar,1485
11/9/2024 13:37:15,Moon,1552
11/9/2024 13:37:15,Ragnar,1472
11/9/2024 13:37:15,Moon,1565
11/9/2024 13:37:15,Moon,1579
11/9/2024 13:37:15,Afterall,1510
11/9/2024 13:37:15,Moon,1592
11/9/2024 13:37:15,Afterall,1497
11/9/2024 13:37:15,Ichiban,1685
11/9/2024 13:37:15,Truongbaorong,1403
11/9/2024 13:37:15,Ichiban,1690
11/9/2024 13:37:15,Truongbaorong,1398
11/9/2024 13:37:15,Ichiban,1702
11/9/2024 13:37:15,Singlez,1593
11/9/2024 13:37:15,Ichiban,1681
11/9/2024 13:37:15,Singlez,1614
11/9/2024 13:37:15,Ichiban,1694
11/9/2024 13:37:15,Singlez,1601
11/9/2024 13:37:15,socnho,1615
11/9/2024 13:37:15,LazyOldMan,1551
11/9/2024 13:37:15,socnho,1628
11/9/2024 13:37:15,LazyOldMan,1538
11/9/2024 13:37:15,socnho,1636
11/9/2024 13:37:15,TrungHoang,1424
11/9/2024 13:37:15,socnho,1643
11/9/2024 13:37:15,TrungHoang,1417
11/9/2024 13:37:15,LazyOldMan,1551
11/9/2024 13:37:15,gobo2k,1453
11/9/2024 13:37:15,LazyOldMan,1563
11/9/2024 13:37:15,gobo2k,1441
11/9/2024 13:37:15,longnt,1494
11/9/2024 13:37:15,gobo2k,1460
11/9/2024 13:37:15,longnt,1508
11/9/2024 13:37:15,gobo2k,1446
11/9/2024 13:37:15,longnt,1521
11/9/2024 13:37:15,gobo2k,1433
11/9/2024 13:37:15,Ichiban,1704
11/9/2024 13:37:15,LazyOldMan,1553
11/9/2024 13:37:15,Ichiban,1713
11/9/2024 13:37:15,LazyOldMan,1544
11/9/2024 13:37:15,gobo2k,1423
11/9/2024 13:37:15,Ninh,1568
11/9/2024 13:37:15,gobo2k,1413
11/9/2024 13:37:15,Ninh,1578
11/9/2024 13:37:15,Ragnar,1461
11/9/2024 13:37:15,Ninh,1589
11/9/2024 13:43:09,Ragnar,1451
11/9/2024 13:43:09,Ninh,1599
11/9/2024 13:43:09,Singlez,1612
11/9/2024 13:43:09,GiaBao,1489
11/9/2024 13:43:09,Singlez,1623
11/9/2024 13:43:09,GiaBao,1478
11/9/2024 13:43:09,longnt,1535
11/9/2024 13:43:09,GiaBao,1464
11/9/2024 13:43:09,longnt,1554
11/9/2024 13:43:09,Moon,1573
11/9/2024 13:43:09,longnt,1539
11/9/2024 13:43:09,Moon,1588
11/9/2024 13:43:09,longnt,1525
11/9/2024 13:43:09,Moon,1602
11/9/2024 13:43:09,Lancelot,1511
11/9/2024 13:43:09,Ninh,1612
11/9/2024 13:43:09,Ragnar,1465
11/9/2024 13:43:09,gobo2k,1399
11/9/2024 13:43:09,Ragnar,1478
11/9/2024 13:43:09,gobo2k,1386
11/9/2024 13:43:09,Ragnar,1463
11/9/2024 13:43:09,Metallica,1515
11/9/2024 13:43:09,Ragnar,1481
11/9/2024 13:43:09,Metallica,1497
11/9/2024 13:43:09,Ragnar,1466
11/9/2024 13:43:09,Metallica,1512
11/9/2024 13:43:09,Lancelot,1497
11/9/2024 13:43:09,LazyOldMan,1558
11/9/2024 13:43:09,Lancelot,1484
11/9/2024 13:43:09,LazyOldMan,1571
11/9/2024 13:43:09,Singlez,1631
11/9/2024 13:43:09,SieuTitMit,1434
11/9/2024 13:43:09,Singlez,1639
11/9/2024 13:43:09,SieuTitMit,1426
11/9/2024 13:43:09,Wisdom,1496
11/9/2024 13:43:09,SieuTitMit,1413
11/9/2024 13:43:09,Wisdom,1476
11/9/2024 13:43:09,SieuTitMit,1433
11/9/2024 13:43:09,Wisdom,1458
11/9/2024 13:43:09,SieuTitMit,1451
11/9/2024 13:43:09,Domi,1625
11/9/2024 13:43:09,2Life,1467
11/9/2024 13:43:09,Domi,1634
11/9/2024 13:43:09,2Life,1458
11/9/2024 13:43:09,Ninh,1591
11/9/2024 13:43:09,Fervis,1513
11/9/2024 13:43:09,longnt,1538
11/9/2024 13:43:09,SieuTitMit,1438
11/9/2024 13:43:09,longnt,1550
11/9/2024 13:43:09,SieuTitMit,1426
11/9/2024 13:43:09,Lancelot,1469
11/9/2024 13:43:09,Afterall,1512
11/9/2024 13:43:09,Lancelot,1455
11/9/2024 13:43:09,Afterall,1526
11/9/2024 13:43:09,Fervis,1497
11/9/2024 13:43:09,Metallica,1528
11/9/2024 13:43:09,Fervis,1514
11/9/2024 13:43:09,Metallica,1511
11/9/2024 13:43:09,Fervis,1498
11/9/2024 13:43:09,Metallica,1527
11/9/2024 13:43:09,Ichiban,1720
11/9/2024 13:43:09,Fervis,1491
11/9/2024 13:43:09,Ichiban,1727
11/9/2024 13:43:09,Fervis,1484
11/9/2024 13:43:09,Lancelot,1472
11/9/2024 13:43:09,Fervis,1467
11/9/2024 13:43:09,Lancelot,1456
11/9/2024 13:43:09,Fervis,1483
11/9/2024 13:43:09,Lancelot,1473
11/9/2024 13:43:09,Fervis,1466
11/9/2024 13:43:09,Lancelot,1460
11/9/2024 13:43:09,osho,1549
11/9/2024 13:43:09,Lancelot,1448
11/9/2024 13:43:09,osho,1561
11/9/2024 13:43:09,Domi,1639
11/9/2024 13:43:09,DAT93BP,1338
11/9/2024 13:43:09,Domi,1644
11/9/2024 13:43:09,DAT93BP,1333
11/9/2024 13:43:09,longnt,1557
11/9/2024 13:43:09,DAT93BP,1326
11/9/2024 13:43:09,longnt,1564
11/9/2024 13:43:09,DAT93BP,1319
11/9/2024 13:43:09,Domi,1652
11/9/2024 13:43:09,Ragnar,1458
11/9/2024 13:43:09,Domi,1660
11/9/2024 13:43:09,Ragnar,1450
11/9/2024 13:43:09,LazyOldMan,1581
11/9/2024 13:43:09,SieuTitMit,1416
11/9/2024 13:43:09,LazyOldMan,1590
11/9/2024 13:43:09,SieuTitMit,1407
11/9/2024 13:43:09,Ninh,1569
11/9/2024 13:43:09,Fervis,1488
11/9/2024 13:43:09,Ninh,1582
11/9/2024 13:43:09,Prac800ic,1487
11/9/2024 13:43:09,Ninh,1594
11/9/2024 13:43:09,Prac800ic,1475
11/9/2024 13:43:09,osho,1570
11/9/2024 13:43:09,Truongbaorong,1389
11/9/2024 13:43:09,osho,1578
11/9/2024 13:43:09,Truongbaorong,1381
11/9/2024 13:57:59,socnho,1653
11/9/2024 13:57:59,Daisy,1490
11/9/2024 13:57:59,socnho,1662
11/9/2024 13:57:59,Daisy,1481
11/9/2024 13:57:59,LazyOldMan,1597
11/9/2024 13:57:59,Truongbaorong,1374
11/9/2024 13:57:59,LazyOldMan,1572
11/9/2024 13:57:59,Truongbaorong,1399
11/9/2024 13:57:59,LazyOldMan,1549
11/9/2024 13:57:59,Truongbaorong,1422
11/9/2024 13:57:59,socnho,1667
11/9/2024 13:57:59,gobo2k,1381
11/9/2024 13:57:59,socnho,1672
11/9/2024 13:57:59,gobo2k,1376
11/9/2024 13:57:59,longnt,1576
11/9/2024 13:57:59,Prac800ic,1463
11/9/2024 13:57:59,longnt,1587
11/9/2024 13:57:59,Prac800ic,1452
11/9/2024 13:57:59,Ninh,1599
11/9/2024 13:57:59,DAT93BP,1314
11/9/2024 13:57:59,Ninh,1604
11/9/2024 13:57:59,DAT93BP,1309
11/9/2024 13:57:59,Ragnar,1443
11/9/2024 13:57:59,socnho,1679
11/9/2024 13:57:59,Ragnar,1468
11/9/2024 13:57:59,socnho,1654
11/9/2024 13:57:59,Ragnar,1492
11/9/2024 13:57:59,socnho,1630
11/9/2024 13:57:59,socnho,1639
11/9/2024 13:57:59,hoanguyen,1449
11/9/2024 13:57:59,socnho,1647
11/9/2024 13:57:59,hoanguyen,1441
11/9/2024 13:57:59,Domi,1666
11/9/2024 13:57:59,Datmm09,1413
11/9/2024 13:57:59,Domi,1672
11/9/2024 13:57:59,Datmm09,1407
11/9/2024 13:57:59,Ichiban,1731
11/9/2024 13:57:59,Datmm09,1403
11/9/2024 13:57:59,Ichiban,1735
11/9/2024 13:57:59,Datmm09,1399
11/9/2024 13:57:59,Lancelot,1439
11/9/2024 13:57:59,Ninh,1613
11/9/2024 13:57:59,Lancelot,1430
11/9/2024 13:57:59,Ninh,1622
11/9/2024 13:57:59,longnt,1602
11/9/2024 13:57:59,Vinam,1542
11/9/2024 13:57:59,longnt,1615
11/9/2024 13:57:59,Vinam,1529
11/9/2024 13:57:59,osho,1596
11/9/2024 13:57:59,longnt,1597
11/9/2024 13:57:59,osho,1612
11/9/2024 13:57:59,longnt,1581
11/9/2024 13:57:59,longnt,1591
11/9/2024 13:57:59,NghiaDepTrai,1425
11/9/2024 13:57:59,Lancelot,1415
11/9/2024 13:57:59,hoanguyen,1456
11/9/2024 13:57:59,Lancelot,1401
11/9/2024 13:57:59,hoanguyen,1470
11/9/2024 13:57:59,longnt,1600
11/9/2024 13:57:59,NghiaDepTrai,1416
11/9/2024 13:57:59,Domi,1680
11/9/2024 13:57:59,hoanguyen,1462
11/9/2024 13:57:59,Domi,1687
11/9/2024 13:57:59,hoanguyen,1455
11/9/2024 13:57:59,LazyOldMan,1561
11/9/2024 13:57:59,Prac800ic,1440
11/9/2024 13:57:59,LazyOldMan,1572
11/9/2024 13:57:59,Prac800ic,1429
11/9/2024 13:57:59,Domi,1693
11/9/2024 13:57:59,Prac800ic,1423
11/9/2024 13:57:59,Domi,1699
11/9/2024 13:57:59,Prac800ic,1417
11/9/2024 13:57:59,Lancelot,1393
11/9/2024 13:57:59,longnt,1608
11/9/2024 13:57:59,Lancelot,1418
11/9/2024 13:57:59,longnt,1583
11/9/2024 13:57:59,Lancelot,1441
11/9/2024 13:57:59,longnt,1560
11/9/2024 13:57:59,NghiaDepTrai,1409
11/9/2024 13:57:59,Singlez,1646
11/9/2024 13:57:59,NghiaDepTrai,1402
11/9/2024 13:57:59,Singlez,1653
11/9/2024 13:57:59,Domi,1704
11/9/2024 13:57:59,NghiaDepTrai,1397
11/9/2024 13:57:59,Domi,1709
11/9/2024 13:57:59,NghiaDepTrai,1392
11/9/2024 13:57:59,Domi,1716
11/9/2024 13:57:59,TriBui,1493
11/9/2024 13:57:59,Domi,1723
11/9/2024 13:57:59,TriBui,1486
11/9/2024 13:57:59,Ragnar,1476
11/9/2024 13:57:59,TriBui,1502
11/9/2024 13:57:59,Ragnar,1493
11/9/2024 13:57:59,TriBui,1485
11/9/2024 13:57:59,Ragnar,1509
11/9/2024 13:57:59,TriBui,1469
11/9/2024 13:57:59,Afterall,1539
11/9/2024 13:57:59,TriBui,1456
11/9/2024 13:57:59,Afterall,1519
11/9/2024 13:57:59,TriBui,1476
11/9/2024 14:04:21,Afterall,1533
11/9/2024 14:04:21,TriBui,1462
11/9/2024 14:04:21,Domi,1728
11/9/2024 14:04:21,Lancelot,1436
11/9/2024 14:04:21,Domi,1733
11/9/2024 14:04:21,Lancelot,1431
11/9/2024 14:04:21,Fervis,1474
11/9/2024 14:04:21,Afterall,1547
11/9/2024 14:04:21,Fervis,1493
11/9/2024 14:04:21,Afterall,1528
11/9/2024 14:04:21,Fervis,1479
11/9/2024 14:04:21,Afterall,1542
11/9/2024 14:04:21,Lancelot,1448
11/9/2024 14:04:21,TriBui,1445
11/9/2024 14:04:21,Lancelot,1464
11/9/2024 14:04:21,TriBui,1429
11/9/2024 14:04:21,SieuTitMit,1392
11/9/2024 14:04:21,TriBui,1444
11/9/2024 14:04:21,SieuTitMit,1378
11/9/2024 14:04:21,TriBui,1458
11/9/2024 14:04:21,Lancelot,1476
11/9/2024 14:04:21,SieuTitMit,1366
11/9/2024 14:04:21,Lancelot,1455
11/9/2024 14:04:21,SieuTitMit,1387
11/9/2024 14:04:21,Lancelot,1468
11/9/2024 14:04:21,SieuTitMit,1374
11/9/2024 14:04:21,Ichiban,1742
11/9/2024 14:04:21,Metallica,1520
11/9/2024 14:04:21,Ichiban,1749
11/9/2024 14:04:21,Metallica,1513
11/9/2024 14:04:21,Metallica,1526
11/9/2024 14:04:21,TriBui,1445
11/9/2024 14:04:21,Metallica,1506
11/9/2024 14:04:21,TriBui,1465
11/9/2024 14:04:21,Metallica,1488
11/9/2024 14:04:21,TriBui,1483
11/9/2024 14:04:21,Wisdom,1443
11/9/2024 14:04:21,TriBui,1498
11/9/2024 14:04:21,Wisdom,1430
11/9/2024 14:04:21,TriBui,1511
11/9/2024 14:04:21,Wisdom,1445
11/9/2024 14:04:21,TrungHoang,1402
11/9/2024 14:04:21,Wisdom,1427
11/9/2024 14:04:21,TrungHoang,1420
11/9/2024 14:04:21,Wisdom,1411
11/9/2024 14:04:21,TrungHoang,1436
11/9/2024 14:04:21,Wisdom,1405
11/9/2024 14:04:21,Singlez,1659
11/9/2024 14:04:21,Wisdom,1399
11/9/2024 14:04:21,Singlez,1665
11/9/2024 14:04:21,longnt,1572
11/9/2024 14:04:21,Kingtruong,1469
11/9/2024 14:04:21,longnt,1583
11/9/2024 14:04:21,Kingtruong,1458
11/9/2024 14:04:21,osho,1622
11/9/2024 14:04:21,Fervis,1469
11/9/2024 14:04:21,osho,1631
11/9/2024 14:04:21,Fervis,1460
11/9/2024 14:04:21,Ichiban,1755
11/9/2024 14:04:21,dailygao,1494
11/9/2024 14:04:21,Ichiban,1761
11/9/2024 14:04:21,dailygao,1488
11/9/2024 14:04:21,Kingtruong,1475
11/9/2024 14:04:21,dailygao,1471
11/9/2024 14:04:21,Kingtruong,1491
11/9/2024 14:04:21,dailygao,1455
11/9/2024 14:04:21,osho,1640
11/9/2024 14:04:21,dailygao,1446
11/9/2024 14:04:21,osho,1648
11/9/2024 14:04:21,dailygao,1438
11/9/2024 14:04:21,Truongbaorong,1410
11/9/2024 14:04:21,TriBui,1523
11/9/2024 14:04:21,Truongbaorong,1399
11/9/2024 14:04:21,TriBui,1534
11/9/2024 14:04:21,Ragnar,1523
11/9/2024 14:04:21,TrieuVoi,1456
11/9/2024 14:04:21,Ragnar,1536
11/9/2024 14:04:21,TrieuVoi,1443
11/9/2024 14:04:21,NghiaDepTrai,1380
11/9/2024 14:04:21,Metallica,1500
11/9/2024 14:04:21,longnt,1561
11/9/2024 14:04:21,TrieuVoi,1465
11/9/2024 14:04:21,Fervis,1447
11/9/2024 14:04:21,TriBui,1547
11/9/2024 14:04:21,Fervis,1435
11/9/2024 14:04:21,TriBui,1559
11/9/2024 14:04:21,longnt,1541
11/9/2024 14:04:21,TrieuVoi,1485
11/9/2024 14:04:21,longnt,1557
11/9/2024 14:04:21,Afterall,1526
11/9/2024 14:04:21,longnt,1572
11/9/2024 14:04:21,Afterall,1511
11/9/2024 14:04:21,Domi,1737
11/9/2024 14:04:21,Truongbaorong,1395
11/9/2024 14:04:21,Domi,1741
11/9/2024 14:04:21,Truongbaorong,1391
11/9/2024 14:04:21,Domi,1746
11/9/2024 14:04:21,TrungHoang,1431
11/9/2024 14:04:21,Domi,1750
11/9/2024 14:04:21,TrungHoang,1427
11/9/2024 14:45:15,Lancelot,1483
11/9/2024 14:45:15,dailygao,1423
11/9/2024 14:45:15,Lancelot,1464
11/9/2024 14:45:15,dailygao,1442
11/9/2024 14:45:15,Lancelot,1479
11/9/2024 14:45:15,dailygao,1427
11/9/2024 14:45:15,Singlez,1674
11/9/2024 14:45:15,Metallica,1491
11/9/2024 14:45:15,Singlez,1650
11/9/2024 14:45:15,Metallica,1515
11/9/2024 14:45:15,Singlez,1660
11/9/2024 14:45:15,Metallica,1505
11/9/2024 14:45:15,Domi,1754
11/9/2024 14:45:15,dailygao,1423
11/9/2024 14:45:15,Domi,1758
11/9/2024 14:45:15,dailygao,1419
11/9/2024 14:45:15,longnt,1549
11/9/2024 14:45:15,dailygao,1442
11/9/2024 14:45:15,longnt,1560
11/9/2024 14:45:15,dailygao,1431
11/9/2024 14:45:15,longnt,1569
11/9/2024 14:45:15,Datmm09,1390
11/9/2024 14:45:15,longnt,1577
11/9/2024 14:45:15,Datmm09,1382
11/9/2024 14:45:15,Ichiban,1737
11/9/2024 14:45:15,TriBui,1583
11/9/2024 14:45:15,Ichiban,1746
11/9/2024 14:45:15,TriBui,1574
11/9/2024 14:45:15,Ichiban,1755
11/9/2024 14:45:15,TriBui,1565
11/9/2024 14:45:15,Singlez,1672
11/9/2024 14:45:15,TriBui,1553
11/9/2024 14:45:15,Singlez,1683
11/9/2024 14:45:15,TriBui,1542
11/9/2024 14:45:15,Singlez,1663
11/9/2024 14:45:15,Moon,1622
11/9/2024 14:45:15,Singlez,1677
11/9/2024 14:45:15,Moon,1608
11/9/2024 14:45:15,Singlez,1658
11/9/2024 14:45:15,Moon,1627
11/9/2024 14:45:15,longnt,1556
11/9/2024 14:45:15,2Life,1479
11/9/2024 14:45:15,longnt,1569
11/9/2024 14:45:15,2Life,1466
11/9/2024 14:45:15,longnt,1580
11/9/2024 14:45:15,2Life,1455
11/9/2024 14:45:15,hoanguyen,1471
11/9/2024 14:45:15,2Life,1439
11/9/2024 14:45:15,hoanguyen,1486
11/9/2024 14:45:15,2Life,1424
11/9/2024 14:45:15,Ninh,1634
11/9/2024 14:45:15,TriBui,1530
11/9/2024 14:45:15,Ninh,1645
11/9/2024 14:45:15,TriBui,1519
11/9/2024 14:45:15,longnt,1561
11/9/2024 14:45:15,TriBui,1538
11/9/2024 14:45:15,longnt,1544
11/9/2024 14:45:15,TriBui,1555
11/9/2024 14:45:15,Ragnar,1525
11/9/2024 14:45:15,Singlez,1669
11/9/2024 14:45:15,Ragnar,1515
11/9/2024 14:45:15,Singlez,1679
11/9/2024 14:45:15,osho,1658
11/9/2024 14:45:15,Afterall,1501
11/9/2024 14:45:15,osho,1667
11/9/2024 14:45:15,Afterall,1492
11/9/2024 14:45:15,LazyOldMan,1585
11/9/2024 14:45:15,tuanvu,1487
11/9/2024 14:45:15,LazyOldMan,1597
11/9/2024 14:45:15,tuanvu,1475
11/9/2024 14:45:15,longnt,1557
11/9/2024 14:45:15,tuanvu,1462
11/9/2024 14:45:15,longnt,1569
11/9/2024 14:45:15,tuanvu,1450
11/9/2024 14:45:15,Domi,1763
11/9/2024 14:45:15,tuanvu,1445
11/9/2024 14:45:15,Domi,1767
11/9/2024 14:45:15,tuanvu,1441
11/9/2024 14:45:15,osho,1652
11/9/2024 14:45:15,Singlez,1694
11/9/2024 14:45:15,osho,1670
11/9/2024 14:45:15,Singlez,1676
11/9/2024 14:45:15,osho,1654
11/9/2024 14:45:15,Singlez,1692
11/9/2024 14:45:15,Domi,1770
11/9/2024 14:45:15,gobo2k,1373
11/9/2024 14:45:15,Domi,1773
11/9/2024 14:45:15,gobo2k,1370
11/9/2024 14:45:15,gobo2k,1366
11/9/2024 14:45:15,Singlez,1696
11/9/2024 14:45:15,gobo2k,1362
11/9/2024 14:45:15,Singlez,1700
11/9/2024 14:45:15,Ragnar,1505
11/9/2024 14:45:15,osho,1664
11/9/2024 14:45:15,Ragnar,1496
11/9/2024 14:45:15,osho,1673
11/9/2024 14:45:15,Ichiban,1729
11/9/2024 14:45:15,Afterall,1518
11/9/2024 14:45:15,Ichiban,1736
11/9/2024 14:45:15,Afterall,1511
11/9/2024 14:50:32,Ichiban,1743
11/9/2024 14:50:32,Afterall,1504
11/9/2024 14:50:32,osho,1652
11/9/2024 14:50:32,TriBui,1576
11/9/2024 14:50:32,osho,1665
11/9/2024 14:50:32,TriBui,1563
11/9/2024 14:50:32,osho,1676
11/9/2024 14:50:32,TriBui,1552
11/9/2024 14:50:32,TrieuVoi,1497
11/9/2024 14:50:32,Wisdom,1387
11/9/2024 14:50:32,TrieuVoi,1508
11/9/2024 14:50:32,Wisdom,1376
11/9/2024 14:50:32,NghiaDepTrai,1364
11/9/2024 14:50:32,Wisdom,1392
11/9/2024 14:50:32,NghiaDepTrai,1349
11/9/2024 14:50:32,Wisdom,1407
11/9/2024 14:50:32,longnt,1579
11/9/2024 14:50:32,Fervis,1425
11/9/2024 14:50:32,longnt,1556
11/9/2024 14:50:32,Fervis,1448
11/9/2024 14:50:32,longnt,1535
11/9/2024 14:50:32,Fervis,1469
11/9/2024 14:50:32,Moon,1635
11/9/2024 14:50:32,dailygao,1423
11/9/2024 14:50:32,Moon,1610
11/9/2024 14:50:32,dailygao,1448
11/9/2024 14:50:32,Wisdom,1395
11/9/2024 14:50:32,Kingtruong,1503
11/9/2024 14:50:32,Wisdom,1384
11/9/2024 14:50:32,Kingtruong,1514
11/9/2024 14:50:32,longnt,1547
11/9/2024 14:50:32,dailygao,1436
11/9/2024 14:50:32,Wisdom,1402
11/9/2024 14:50:32,dailygao,1418
11/9/2024 14:50:32,Wisdom,1419
11/9/2024 14:50:32,dailygao,1401
11/9/2024 14:50:32,DAT93BP,1306
11/9/2024 14:50:32,Singlez,1703
11/9/2024 14:50:32,DAT93BP,1303
11/9/2024 14:50:32,Singlez,1706
11/9/2024 14:50:32,osho,1679
11/9/2024 14:50:32,DAT93BP,1300
11/9/2024 14:50:32,osho,1682
11/9/2024 14:50:32,DAT93BP,1297
11/9/2024 14:50:32,Ragnar,1508
11/9/2024 14:50:32,dailygao,1389
11/9/2024 14:50:32,Ragnar,1487
11/9/2024 14:50:32,dailygao,1410
11/9/2024 14:50:32,socnho,1627
11/9/2024 14:50:32,longnt,1567
11/9/2024 14:50:32,socnho,1608
11/9/2024 14:50:32,longnt,1586
11/9/2024 14:50:32,socnho,1591
11/9/2024 14:50:32,longnt,1603
11/9/2024 14:50:32,NghiaDepTrai,1340
11/9/2024 14:50:32,Metallica,1514
11/9/2024 14:50:32,socnho,1570
11/9/2024 14:50:32,Fervis,1490
11/9/2024 14:50:32,socnho,1550
11/9/2024 14:50:32,Fervis,1510
11/9/2024 14:50:32,socnho,1532
11/9/2024 14:50:32,Afterall,1522
11/9/2024 14:50:32,socnho,1548
11/9/2024 14:50:32,Afterall,1506
11/9/2024 14:50:32,socnho,1530
11/9/2024 14:50:32,Afterall,1524
11/9/2024 14:50:32,Domi,1779
11/9/2024 14:50:32,socnho,1524
11/9/2024 14:50:32,Domi,1785
11/9/2024 14:50:32,socnho,1518
11/9/2024 14:50:32,Domi,1791
11/9/2024 14:50:32,Kingtruong,1508
11/9/2024 14:50:32,Domi,1796
11/9/2024 14:50:32,Kingtruong,1503
11/9/2024 14:50:32,Domi,1799
11/9/2024 14:50:32,SieuTitMit,1371
11/9/2024 14:50:32,Domi,1802
11/9/2024 14:50:32,SieuTitMit,1368
11/9/2024 14:50:32,socnho,1527
11/9/2024 14:50:32,SieuTitMit,1359
11/9/2024 14:50:32,socnho,1536
11/9/2024 14:50:32,SieuTitMit,1350
11/9/2024 14:50:32,longnt,1613
11/9/2024 14:50:32,LichKing,1465
11/9/2024 14:50:32,longnt,1623
11/9/2024 14:50:32,LichKing,1455
11/9/2024 14:50:32,Lancelot,1457
11/9/2024 14:50:32,NghiaDepTrai,1362
11/9/2024 14:50:32,Lancelot,1469
11/9/2024 14:50:32,NghiaDepTrai,1350
11/9/2024 14:50:32,Lancelot,1480
11/9/2024 14:50:32,NghiaDepTrai,1339
11/9/2024 14:50:32,Chairma,1432
11/9/2024 14:50:32,Metallica,1527
11/9/2024 14:50:32,Chairma,1420
11/9/2024 14:50:32,Metallica,1539
11/9/2024 14:50:32,Ichiban,1747
11/9/2024 14:50:32,Chairma,1416
11/9/2024 14:50:32,Singlez,1712
11/9/2024 14:50:32,tuanvu,1435
11/9/2024 15:16:30,Singlez,1717
11/9/2024 15:16:30,tuanvu,1430
11/9/2024 15:16:30,Ichiban,1751
11/9/2024 15:16:30,Chairma,1412
11/9/2024 15:16:30,Truongbaorong,1381
11/9/2024 15:16:30,Metallica,1549
11/9/2024 15:16:30,Truongbaorong,1372
11/9/2024 15:16:30,Metallica,1558
11/9/2024 15:16:30,osho,1686
11/9/2024 15:16:30,NghiaDepTrai,1335
11/9/2024 15:16:30,osho,1690
11/9/2024 15:16:30,NghiaDepTrai,1331
11/9/2024 15:16:30,Domi,1808
11/9/2024 15:16:30,Vinam,1523
11/9/2024 15:16:30,Domi,1813
11/9/2024 15:16:30,Vinam,1518
11/9/2024 15:16:30,Domi,1818
11/9/2024 15:16:30,TrieuVoi,1503
11/9/2024 15:16:30,Domi,1822
11/9/2024 15:16:30,TrieuVoi,1499
11/9/2024 15:16:30,Ragnar,1496
11/9/2024 15:16:30,NghiaDepTrai,1322
11/9/2024 15:16:30,Ragnar,1505
11/9/2024 15:16:30,NghiaDepTrai,1313
11/9/2024 15:16:30,osho,1697
11/9/2024 15:16:30,LichKing,1448
11/9/2024 15:16:30,osho,1703
11/9/2024 15:16:30,LichKing,1442
11/9/2024 15:16:30,Ichiban,1756
11/9/2024 15:16:30,LichKing,1437
11/9/2024 15:16:30,Ichiban,1760
11/9/2024 15:16:30,LichKing,1433
11/9/2024 15:16:30,Singlez,1722
11/9/2024 15:16:30,LichKing,1428
11/9/2024 15:16:30,Singlez,1727
11/9/2024 15:16:30,LichKing,1423
11/9/2024 15:16:30,osho,1711
11/9/2024 15:16:30,Vinam,1510
11/9/2024 15:16:30,osho,1719
11/9/2024 15:16:30,Vinam,1502
11/9/2024 15:16:30,Wisdom,1435
11/9/2024 15:16:30,Prac800ic,1401
11/9/2024 15:16:30,Wisdom,1449
11/9/2024 15:16:30,Prac800ic,1387
11/9/2024 15:16:30,TrieuVoi,1510
11/9/2024 15:16:30,Prac800ic,1376
11/9/2024 15:16:30,TrieuVoi,1520
11/9/2024 15:16:30,Prac800ic,1366
11/9/2024 15:16:30,osho,1725
11/9/2024 15:16:30,Wisdom,1443
11/9/2024 15:16:30,osho,1732
11/9/2024 15:16:30,Kingtruong,1496
11/9/2024 15:16:30,osho,1739
11/9/2024 15:16:30,Kingtruong,1489
11/9/2024 15:16:30,Ragnar,1485
11/9/2024 15:16:30,dailygao,1430
11/9/2024 15:16:30,Singlez,1732
11/9/2024 15:16:30,dailygao,1425
11/9/2024 15:16:30,Singlez,1737
11/9/2024 15:16:30,dailygao,1420
11/9/2024 15:16:30,Wisdom,1432
11/9/2024 15:16:30,Metallica,1569
11/9/2024 15:16:30,Wisdom,1422
11/9/2024 15:16:30,Metallica,1579
11/9/2024 15:16:30,Chairma,1408
11/9/2024 15:16:30,Singlez,1741
11/9/2024 15:16:30,Chairma,1404
11/9/2024 15:16:30,Singlez,1745
11/9/2024 15:16:30,Ragnar,1470
11/9/2024 15:16:30,Fervis,1525
11/9/2024 15:16:30,Ragnar,1489
11/9/2024 15:16:30,Fervis,1506
11/9/2024 15:16:30,Ragnar,1474
11/9/2024 15:16:30,Fervis,1521
11/9/2024 15:16:30,Lancelot,1493
11/9/2024 15:16:30,Wisdom,1409
11/9/2024 15:16:30,Lancelot,1473
11/9/2024 15:16:30,Wisdom,1429
11/9/2024 15:16:30,Lancelot,1487
11/9/2024 15:16:30,tuanvu,1416
11/9/2024 15:16:30,Lancelot,1500
11/9/2024 15:16:30,tuanvu,1403
11/9/2024 15:16:30,Lancelot,1513
11/9/2024 15:16:30,Wisdom,1416
11/9/2024 15:16:30,hoanguyen,1467
11/9/2024 15:16:30,Wisdom,1435
11/9/2024 15:16:30,hoanguyen,1450
11/9/2024 15:16:30,Wisdom,1452
11/9/2024 15:16:30,2Life,1447
11/9/2024 15:16:30,Metallica,1556
11/9/2024 15:16:30,2Life,1436
11/9/2024 15:16:30,Metallica,1567
11/9/2024 15:16:30,2Life,1426
11/9/2024 15:16:30,Metallica,1577
11/9/2024 15:16:30,hoanguyen,1465
11/9/2024 15:16:30,2Life,1411
11/9/2024 15:16:30,Moon,1592
11/9/2024 15:16:30,Metallica,1595
11/9/2024 15:16:30,Moon,1576
11/9/2024 15:16:30,Metallica,1611
11/9/2024 15:40:30,osho,1744
11/9/2024 15:40:30,Wisdom,1447
11/9/2024 15:40:30,Datmm09,1372
11/9/2024 15:40:30,Fervis,1531
11/9/2024 15:40:30,Datmm09,1363
11/9/2024 15:40:30,Fervis,1540
11/9/2024 15:40:30,Chairma,1394
11/9/2024 15:40:30,Fervis,1550
11/9/2024 15:40:30,Chairma,1385
11/9/2024 15:40:30,Fervis,1559
11/9/2024 15:40:30,longnt,1629
11/9/2024 15:40:30,Chairma,1379
11/9/2024 15:40:30,longnt,1603
11/9/2024 15:40:30,Chairma,1405
11/9/2024 15:40:30,longnt,1611
11/9/2024 15:40:30,Chairma,1397
11/9/2024 15:40:30,Lancelot,1522
11/9/2024 15:40:30,gobo2k,1353
11/9/2024 15:40:30,Lancelot,1531
11/9/2024 15:40:30,gobo2k,1344
11/9/2024 15:40:30,Prac800ic,1358
11/9/2024 15:40:30,Fervis,1567
11/9/2024 15:40:30,Prac800ic,1351
11/9/2024 15:40:30,Fervis,1574
11/9/2024 15:40:30,Prac800ic,1348
11/9/2024 15:40:30,Singlez,1748
11/9/2024 15:40:30,Prac800ic,1345
11/9/2024 15:40:30,Singlez,1751
11/9/2024 15:40:30,osho,1747
11/9/2024 15:40:30,Prac800ic,1342
11/9/2024 15:40:30,osho,1750
11/9/2024 15:40:30,Prac800ic,1339
11/9/2024 15:40:30,Prac800ic,1333
11/9/2024 15:40:30,Metallica,1617
11/9/2024 15:40:30,Prac800ic,1328
11/9/2024 15:40:30,Metallica,1622
11/9/2024 15:40:30,Ragnar,1484
11/9/2024 15:40:30,Prac800ic,1318
11/9/2024 15:40:30,Ragnar,1493
11/9/2024 15:40:30,Prac800ic,1309
11/9/2024 15:40:30,gobo2k,1337
11/9/2024 15:40:30,TriBui,1559
11/9/2024 15:40:30,gobo2k,1330
11/9/2024 15:40:30,TriBui,1566
11/9/2024 15:40:30,Afterall,1503
11/9/2024 15:40:30,tuanvu,1424
11/9/2024 15:40:30,Afterall,1515
11/9/2024 15:40:30,tuanvu,1412
11/9/2024 15:40:30,Afterall,1526
11/9/2024 15:40:30,tuanvu,1401
11/9/2024 15:40:30,osho,1754
11/9/2024 15:40:30,tuanvu,1397
11/9/2024 15:40:30,osho,1758
11/9/2024 15:40:30,tuanvu,1393
11/9/2024 15:40:30,NghiaDepTrai,1338
11/9/2024 15:40:30,Afterall,1501
11/9/2024 15:40:30,NghiaDepTrai,1329
11/9/2024 15:40:30,Afterall,1510
11/9/2024 15:40:30,NghiaDepTrai,1321
11/9/2024 15:40:30,Afterall,1518
11/9/2024 15:40:30,LazyOldMan,1602
11/9/2024 15:40:30,NghiaDepTrai,1316
11/9/2024 15:40:30,Ninh,1649
11/9/2024 15:40:30,Prac800ic,1305
11/9/2024 15:40:30,Ninh,1653
11/9/2024 15:40:30,Prac800ic,1301
11/9/2024 15:40:30,LazyOldMan,1607
11/9/2024 15:40:30,NghiaDepTrai,1311
11/9/2024 15:40:30,Wisdom,1428
11/9/2024 15:40:30,Truongbaorong,1391
11/9/2024 15:40:30,Wisdom,1442
11/9/2024 15:40:30,Truongbaorong,1377
11/9/2024 15:40:30,Wisdom,1455
11/9/2024 15:40:30,Truongbaorong,1364
11/9/2024 15:40:30,NghiaDepTrai,1337
11/9/2024 15:40:30,Fervis,1548
11/9/2024 15:40:30,NghiaDepTrai,1330
11/9/2024 15:40:30,Fervis,1555
11/9/2024 15:40:30,NghiaDepTrai,1323
11/9/2024 15:40:30,Fervis,1562
11/9/2024 15:40:30,LazyOldMan,1613
11/9/2024 15:40:30,Datmm09,1357
11/9/2024 15:40:30,LazyOldMan,1619
11/9/2024 15:40:30,Datmm09,1351
11/9/2024 15:40:30,osho,1761
11/9/2024 15:40:30,SieuTitMit,1347
11/9/2024 15:40:30,osho,1764
11/9/2024 15:40:30,SieuTitMit,1344
11/9/2024 15:40:30,TrieuVoi,1529
11/9/2024 15:40:30,SieuTitMit,1335
11/9/2024 15:40:30,TrieuVoi,1537
11/9/2024 15:40:30,SieuTitMit,1327
11/9/2024 15:40:30,longnt,1588
11/9/2024 15:40:30,Wisdom,1478
11/9/2024 15:40:30,longnt,1599
11/9/2024 15:40:30,Wisdom,1467
11/9/2024 15:40:30,longnt,1577
11/9/2024 15:40:30,Wisdom,1489
11/9/2024 15:40:30,SieuTitMit,1352
11/9/2024 15:40:30,Fervis,1537
11/9/2024 15:45:02,SieuTitMit,1344
11/9/2024 15:45:02,Fervis,1545
11/9/2024 15:45:02,SieuTitMit,1336
11/9/2024 15:45:02,Fervis,1553
11/9/2024 15:45:02,Ragnar,1502
11/9/2024 15:45:02,SieuTitMit,1327
11/9/2024 15:45:02,Ragnar,1511
11/9/2024 15:45:02,SieuTitMit,1318
11/9/2024 15:45:02,DAT93BP,1285
11/9/2024 15:45:02,tuanvu,1405
11/9/2024 15:45:02,DAT93BP,1274
11/9/2024 15:45:02,tuanvu,1416
11/9/2024 15:45:02,Ninh,1662
11/9/2024 15:45:02,Wisdom,1480
11/9/2024 15:45:02,Ninh,1670
11/9/2024 15:45:02,Wisdom,1472
11/9/2024 15:45:02,hoanguyen,1479
11/9/2024 15:45:02,tuanvu,1402
11/9/2024 15:45:02,hoanguyen,1492
11/9/2024 15:45:02,tuanvu,1389
11/9/2024 15:45:02,longnt,1565
11/9/2024 15:45:02,Ninh,1682
11/9/2024 15:45:02,longnt,1586
11/9/2024 15:45:02,Ninh,1661
11/9/2024 15:45:02,longnt,1573
11/9/2024 15:45:02,Ninh,1674
11/9/2024 15:45:02,Kingtruong,1502
11/9/2024 15:45:02,LichKing,1410
11/9/2024 15:45:02,Kingtruong,1514
11/9/2024 15:45:02,LichKing,1398
11/9/2024 15:45:02,Fervis,1562
11/9/2024 15:45:02,LichKing,1389
11/9/2024 15:45:02,Fervis,1571
11/9/2024 15:45:02,LichKing,1380
11/9/2024 15:45:02,LazyOldMan,1595
11/9/2024 15:45:02,dailygao,1444
11/9/2024 15:45:02,LazyOldMan,1604
11/9/2024 15:45:02,dailygao,1435
11/9/2024 15:45:02,Kingtruong,1521
11/9/2024 15:45:02,Prac800ic,1294
11/9/2024 15:45:02,Kingtruong,1528
11/9/2024 15:45:02,Prac800ic,1287
11/9/2024 15:45:02,LazyOldMan,1613
11/9/2024 15:45:02,dailygao,1426
11/9/2024 15:45:02,Fervis,1549
11/9/2024 15:45:02,dailygao,1448
11/9/2024 15:45:02,hoanguyen,1479
11/9/2024 15:45:02,TriBui,1579
11/9/2024 15:45:02,hoanguyen,1467
11/9/2024 15:45:02,TriBui,1591
11/9/2024 15:45:02,Fervis,1560
11/9/2024 15:45:02,dailygao,1437
11/9/2024 15:45:02,Fervis,1571
11/9/2024 15:45:02,dailygao,1426
11/9/2024 15:45:02,Ichiban,1768
11/9/2024 15:45:02,longnt,1565
11/9/2024 15:45:02,Ichiban,1776
11/9/2024 15:45:02,longnt,1557
11/9/2024 15:45:02,Ichiban,1778
11/9/2024 15:45:02,DAT93BP,1272
11/9/2024 15:45:02,Ichiban,1780
11/9/2024 15:45:02,DAT93BP,1270
11/9/2024 15:45:02,socnho,1523
11/9/2024 15:45:02,TriBui,1604
11/9/2024 15:45:02,socnho,1511
11/9/2024 15:45:02,TriBui,1616
11/9/2024 15:45:02,Prac800ic,1280
11/9/2024 15:45:02,Afterall,1525
11/9/2024 15:45:02,Prac800ic,1274
11/9/2024 15:45:02,Afterall,1531
11/9/2024 15:45:02,socnho,1523
11/9/2024 15:45:02,dailygao,1414
11/9/2024 15:45:02,socnho,1534
11/9/2024 15:45:02,dailygao,1403
11/9/2024 15:45:02,Ninh,1680
11/9/2024 15:45:02,dailygao,1397
11/9/2024 15:45:02,Ninh,1685
11/9/2024 15:45:02,dailygao,1392
11/9/2024 15:45:02,Wisdom,1459
11/9/2024 15:45:02,Afterall,1544
11/9/2024 15:45:02,Wisdom,1479
11/9/2024 15:45:02,Afterall,1524
11/9/2024 15:45:02,Wisdom,1465
11/9/2024 15:45:02,Afterall,1538
11/9/2024 15:45:02,longnt,1576
11/9/2024 15:45:02,Metallica,1603
11/9/2024 15:45:02,longnt,1561
11/9/2024 15:45:02,Metallica,1618
11/9/2024 15:45:02,longnt,1548
11/9/2024 15:45:02,Metallica,1631
11/9/2024 15:45:02,Vinam,1488
11/9/2024 15:45:02,Afterall,1552
11/9/2024 15:45:02,Vinam,1507
11/9/2024 15:45:02,Afterall,1533
11/9/2024 15:45:02,Vinam,1492
11/9/2024 15:45:02,Afterall,1548
11/9/2024 15:45:02,Vinam,1514
11/9/2024 15:45:02,Metallica,1609
11/9/2024 15:45:02,Vinam,1502
11/9/2024 15:45:02,Metallica,1621
11/9/2024 15:57:27,Vinam,1491
11/9/2024 15:57:27,Metallica,1632
11/9/2024 15:57:27,Vinam,1509
11/9/2024 15:57:27,TrieuVoi,1519
11/9/2024 15:57:27,Vinam,1525
11/9/2024 15:57:27,TrieuVoi,1503
11/9/2024 15:57:27,TrieuVoi,1490
11/9/2024 15:57:27,Fervis,1584
11/9/2024 15:57:27,Vinam,1532
11/9/2024 15:57:27,SieuTitMit,1311
11/9/2024 15:57:27,TrieuVoi,1478
11/9/2024 15:57:27,Fervis,1596
11/9/2024 15:57:27,Vinam,1539
11/9/2024 15:57:27,SieuTitMit,1304
11/9/2024 15:57:27,Vinam,1526
11/9/2024 15:57:27,Fervis,1609
11/9/2024 15:57:27,Vinam,1514
11/9/2024 15:57:27,Fervis,1621
11/9/2024 15:57:27,Vinam,1535
11/9/2024 15:57:27,TriBui,1595
11/9/2024 15:57:27,Vinam,1554
11/9/2024 15:57:27,TriBui,1576
11/9/2024 15:57:27,hoanguyen,1446
11/9/2024 15:57:27,Truongbaorong,1385
11/9/2024 15:57:27,hoanguyen,1459
11/9/2024 15:57:27,Truongbaorong,1372
11/9/2024 15:57:27,hoanguyen,1439
11/9/2024 15:57:27,Truongbaorong,1392
11/9/2024 15:57:27,gobo2k,1317
11/9/2024 15:57:27,Truongbaorong,1405
11/9/2024 15:57:27,gobo2k,1305
11/9/2024 15:57:27,Truongbaorong,1417
11/9/2024 15:57:27,NghiaDepTrai,1318
11/9/2024 15:57:27,Metallica,1637
11/9/2024 15:57:27,Vinam,1569
11/9/2024 15:57:27,Kingtruong,1513
11/9/2024 15:57:27,Vinam,1550
11/9/2024 15:57:27,Kingtruong,1532
11/9/2024 15:57:27,Vinam,1565
11/9/2024 15:57:27,Kingtruong,1517
11/9/2024 15:57:27,Vinam,1570
11/9/2024 15:57:27,DAT93BP,1265
11/9/2024 15:57:27,Vinam,1575
11/9/2024 15:57:27,DAT93BP,1260
11/9/2024 15:57:27,Fervis,1628
11/9/2024 15:57:27,tuanvu,1382
11/9/2024 15:57:27,Fervis,1634
11/9/2024 15:57:27,tuanvu,1376
11/9/2024 15:57:27,Vinam,1588
11/9/2024 15:57:27,Kephongluu,1487
11/9/2024 15:57:27,Vinam,1599
11/9/2024 15:57:27,Kephongluu,1476
11/9/2024 15:57:27,Moon,1584
11/9/2024 15:57:27,dailygao,1384
11/9/2024 15:57:27,Moon,1595
11/9/2024 15:57:27,Kephongluu,1465
11/9/2024 15:57:27,Moon,1605
11/9/2024 15:57:27,Kephongluu,1455
11/9/2024 15:57:27,Lancelot,1544
11/9/2024 15:57:27,Kephongluu,1442
11/9/2024 15:57:27,Lancelot,1555
11/9/2024 15:57:27,Kephongluu,1431
11/9/2024 15:57:27,Vinam,1575
11/9/2024 15:57:27,Truongbaorong,1441
11/9/2024 15:57:27,Vinam,1585
11/9/2024 15:57:27,Truongbaorong,1431
11/9/2024 15:57:27,Vinam,1594
11/9/2024 15:57:27,Truongbaorong,1422
11/9/2024 15:57:27,longnt,1559
11/9/2024 15:57:27,Kephongluu,1420
11/9/2024 15:57:27,longnt,1569
11/9/2024 15:57:27,Kephongluu,1410
11/9/2024 15:57:27,hoanguyen,1454
11/9/2024 15:57:27,Kephongluu,1395
11/9/2024 15:57:27,hoanguyen,1435
11/9/2024 15:57:27,Kephongluu,1414
11/9/2024 15:57:27,hoanguyen,1418
11/9/2024 15:57:27,Kephongluu,1431
11/9/2024 15:57:27,2Life,1401
11/9/2024 15:57:27,Afterall,1558
11/9/2024 15:57:27,2Life,1392
11/9/2024 15:57:27,Afterall,1567
11/9/2024 15:57:27,Vinam,1602
11/9/2024 15:57:27,2Life,1384
11/9/2024 15:57:27,Vinam,1609
11/9/2024 15:57:27,2Life,1377
11/9/2024 15:57:27,hoanguyen,1428
11/9/2024 15:57:27,Prac800ic,1264
11/9/2024 15:57:27,hoanguyen,1437
11/9/2024 15:57:27,Prac800ic,1255
11/9/2024 15:57:27,NghiaDepTrai,1312
11/9/2024 15:57:27,TriBui,1582
11/9/2024 15:57:27,NghiaDepTrai,1306
11/9/2024 15:57:27,TriBui,1588
11/9/2024 15:57:27,DAT93BP,1256
11/9/2024 15:57:27,TriBui,1592
11/9/2024 15:57:27,DAT93BP,1252
11/9/2024 15:57:27,TriBui,1596
11/9/2024 15:57:27,gobo2k,1300
11/9/2024 15:57:27,Moon,1610
11/9/2024 16:02:56,gobo2k,1295
11/9/2024 16:02:56,Moon,1615
11/9/2024 16:02:56,Moon,1630
11/9/2024 16:02:56,TriBui,1581
11/9/2024 16:02:56,Moon,1612
11/9/2024 16:02:56,TriBui,1599
11/9/2024 16:02:56,Moon,1627
11/9/2024 16:02:56,TriBui,1584
11/9/2024 16:02:56,NghiaDepTrai,1324
11/9/2024 16:02:56,Datmm09,1333
11/9/2024 16:02:56,NghiaDepTrai,1340
11/9/2024 16:02:56,Datmm09,1317
11/9/2024 16:02:56,Ragnar,1523
11/9/2024 16:02:56,Kephongluu,1419
11/9/2024 16:02:56,Ragnar,1534
11/9/2024 16:02:56,Kephongluu,1408
11/9/2024 16:02:56,Domi,1825
11/9/2024 16:02:56,Kephongluu,1405
11/9/2024 16:02:56,Domi,1828
11/9/2024 16:02:56,Kephongluu,1402
11/9/2024 16:02:56,SieuTitMit,1300
11/9/2024 16:02:56,Metallica,1641
11/9/2024 16:02:56,SieuTitMit,1296
11/9/2024 16:02:56,Metallica,1645
11/9/2024 16:02:56,Kingtruong,1524
11/9/2024 16:02:56,SieuTitMit,1289
11/9/2024 16:02:56,Kingtruong,1531
11/9/2024 16:02:56,SieuTitMit,1282
11/9/2024 16:02:56,Ichiban,1782
11/9/2024 16:02:56,SieuTitMit,1280
11/9/2024 16:02:56,Ichiban,1784
11/9/2024 16:02:56,SieuTitMit,1278
11/9/2024 16:02:56,Afterall,1587
11/9/2024 16:02:56,Metallica,1625
11/9/2024 16:02:56,Afterall,1605
11/9/2024 16:02:56,Metallica,1607
11/9/2024 16:02:56,Vinam,1619
11/9/2024 16:02:56,Wisdom,1455
11/9/2024 16:02:56,Vinam,1596
11/9/2024 16:02:56,Wisdom,1478
11/9/2024 16:02:56,Vinam,1607
11/9/2024 16:02:56,Wisdom,1467
11/9/2024 16:02:56,SieuTitMit,1267
11/9/2024 16:02:56,Kephongluu,1413
11/9/2024 16:02:56,SieuTitMit,1257
11/9/2024 16:02:56,Kephongluu,1423
11/9/2024 16:02:56,NghiaDepTrai,1360
11/9/2024 16:02:56,hoanguyen,1417
11/9/2024 16:02:56,NghiaDepTrai,1379
11/9/2024 16:02:56,hoanguyen,1398
11/9/2024 16:02:56,socnho,1545
11/9/2024 16:02:56,Kephongluu,1412
11/9/2024 16:02:56,socnho,1523
11/9/2024 16:02:56,Kephongluu,1434
11/9/2024 16:02:56,socnho,1535
11/9/2024 16:02:56,Kephongluu,1422
11/9/2024 16:02:56,NghiaDepTrai,1365
11/9/2024 16:02:56,Kephongluu,1436
11/9/2024 16:02:56,NghiaDepTrai,1384
11/9/2024 16:02:56,Kephongluu,1417
11/9/2024 16:02:56,NghiaDepTrai,1402
11/9/2024 16:02:56,Kephongluu,1399
11/9/2024 16:02:56,Ninh,1698
11/9/2024 16:02:56,Moon,1614
11/9/2024 16:02:56,Ninh,1710
11/9/2024 16:02:56,Moon,1602
11/9/2024 16:02:56,Ninh,1715
11/9/2024 16:02:56,NghiaDepTrai,1397
11/9/2024 16:02:56,Ninh,1719
11/9/2024 16:02:56,NghiaDepTrai,1393
11/9/2024 16:02:56,LichKing,1373
11/9/2024 16:02:56,Metallica,1614
11/9/2024 16:02:56,LichKing,1367
11/9/2024 16:02:56,Metallica,1620
11/9/2024 16:02:56,Domi,1830
11/9/2024 16:02:56,LichKing,1365
11/9/2024 16:02:56,Domi,1832
11/9/2024 16:02:56,LichKing,1363
11/9/2024 16:02:56,Ninh,1723
11/9/2024 16:02:56,Chairma,1393
11/9/2024 16:02:56,Ninh,1727
11/9/2024 16:02:56,Chairma,1389
11/9/2024 16:02:56,Ninh,1731
11/9/2024 16:02:56,LichKing,1359
11/9/2024 16:02:56,LazyOldMan,1620
11/9/2024 16:02:56,Kephongluu,1392
11/9/2024 16:02:56,LazyOldMan,1627
11/9/2024 16:02:56,Kephongluu,1385
11/9/2024 16:02:56,Ninh,1734
11/9/2024 16:02:56,LichKing,1356
11/9/2024 16:02:56,hoanguyen,1382
11/9/2024 16:02:56,Chairma,1405
11/9/2024 16:02:56,hoanguyen,1399
11/9/2024 16:02:56,Chairma,1388
11/9/2024 16:02:56,hoanguyen,1382
11/9/2024 16:02:56,Chairma,1405
11/9/2024 16:02:56,DAT93BP,1236
11/9/2024 16:02:56,SieuTitMit,1273
11/9/2024 16:02:56,DAT93BP,1222
11/9/2024 16:02:56,SieuTitMit,1287
11/9/2024 16:08:01,Domi,1839
11/9/2024 16:08:01,Metallica,1613
11/9/2024 16:08:01,Domi,1846
11/9/2024 16:08:01,Metallica,1606
11/9/2024 16:08:01,osho,1773
11/9/2024 16:08:01,Moon,1593
11/9/2024 16:08:01,osho,1781
11/9/2024 16:08:01,Moon,1585
11/9/2024 16:08:01,Domi,1859
11/9/2024 16:08:01,osho,1768
11/9/2024 16:08:01,Domi,1839
11/9/2024 16:08:01,osho,1788
11/9/2024 16:08:01,Domi,1853
11/9/2024 16:08:01,osho,1774
11/9/2024 16:08:01,Ragnar,1522
11/9/2024 16:08:01,LazyOldMan,1639
11/9/2024 16:08:01,Ragnar,1511
11/9/2024 16:08:01,LazyOldMan,1650
11/9/2024 16:08:01,NghiaDepTrai,1407
11/9/2024 16:08:01,LichKing,1342
11/9/2024 16:08:01,NghiaDepTrai,1420
11/9/2024 16:08:01,LichKing,1329
11/9/2024 16:08:01,Afterall,1610
11/9/2024 16:08:01,LichKing,1324
11/9/2024 16:08:01,Afterall,1615
11/9/2024 16:08:01,LichKing,1319
11/9/2024 16:08:01,LazyOldMan,1654
11/9/2024 16:08:01,LichKing,1315
11/9/2024 16:08:01,LazyOldMan,1658
11/9/2024 16:08:01,LichKing,1311
11/9/2024 16:08:01,NghiaDepTrai,1411
11/9/2024 16:08:01,Moon,1594
11/9/2024 16:08:01,NghiaDepTrai,1403
11/9/2024 16:08:01,Moon,1602
11/9/2024 16:08:01,gobo2k,1316
11/9/2024 16:08:01,NghiaDepTrai,1382
11/9/2024 16:08:01,gobo2k,1303
11/9/2024 16:08:01,NghiaDepTrai,1395
11/9/2024 16:08:01,gobo2k,1323
11/9/2024 16:08:01,NghiaDepTrai,1375
11/9/2024 16:08:01,Domi,1860
11/9/2024 16:08:01,Fervis,1627
11/9/2024 16:08:01,Domi,1867
11/9/2024 16:08:01,Fervis,1620
11/9/2024 16:08:01,Domi,1873
11/9/2024 16:08:01,Afterall,1609
11/9/2024 16:08:01,Domi,1879
11/9/2024 16:08:01,Afterall,1603
11/9/2024 16:08:01,osho,1777
11/9/2024 16:08:01,Kephongluu,1382
11/9/2024 16:08:01,osho,1780
11/9/2024 16:08:01,Kephongluu,1379
11/9/2024 16:08:01,Prac800ic,1244
11/9/2024 16:08:01,tuanvu,1387
11/9/2024 16:08:01,Prac800ic,1266
11/9/2024 16:08:01,tuanvu,1365
11/9/2024 16:08:01,Prac800ic,1254
11/9/2024 16:08:01,tuanvu,1377
11/9/2024 16:08:01,Ninh,1738
11/9/2024 16:08:01,tuanvu,1373
11/9/2024 16:08:01,Ninh,1741
11/9/2024 16:08:01,tuanvu,1370
11/9/2024 16:08:01,osho,1794
11/9/2024 16:08:01,Ninh,1727
11/9/2024 16:08:01,osho,1775
11/9/2024 16:08:01,Ninh,1746
11/9/2024 16:08:01,osho,1790
11/9/2024 16:08:01,Ninh,1731
11/9/2024 16:08:01,Domi,1891
11/9/2024 16:08:01,Ichiban,1772
11/9/2024 16:08:01,Domi,1902
11/9/2024 16:08:01,Ichiban,1761
11/9/2024 16:08:01,Ichiban,1776
11/9/2024 16:08:01,Ninh,1716
11/9/2024 16:08:01,Ichiban,1757
11/9/2024 16:08:01,Ninh,1735
11/9/2024 16:08:01,Ichiban,1772
11/9/2024 16:08:01,Ninh,1720
11/9/2024 16:08:01,Wisdom,1458
11/9/2024 16:08:01,Fervis,1629
11/9/2024 16:08:01,Wisdom,1449
11/9/2024 16:08:01,Fervis,1638
11/9/2024 16:08:01,Wisdom,1440
11/9/2024 16:08:01,Moon,1611
11/9/2024 16:08:01,Wisdom,1431
11/9/2024 16:08:01,Moon,1620
11/9/2024 22:41:29,Datmm09,1304
11/9/2024 22:41:29,Kephongluu,1392
11/9/2024 22:41:29,Datmm09,1292
11/9/2024 22:41:29,Kephongluu,1404
11/9/2024 22:41:29,Wisdom,1409
11/9/2024 22:41:29,Datmm09,1314
11/9/2024 22:41:29,Wisdom,1421
11/9/2024 22:41:29,Datmm09,1302
11/9/2024 22:41:29,Wisdom,1432
11/9/2024 22:41:29,Datmm09,1291
11/9/2024 22:41:29,osho,1793
11/9/2024 22:41:29,hoanguyen,1379
11/9/2024 22:41:29,osho,1796
11/9/2024 22:41:29,hoanguyen,1376
11/9/2024 22:41:29,hoanguyen,1370
11/9/2024 22:41:29,Moon,1626
11/9/2024 22:41:29,hoanguyen,1364
11/9/2024 22:41:29,Moon,1632
11/9/2024 22:41:29,LazyOldMan,1665
11/9/2024 22:41:29,Wisdom,1425
11/9/2024 22:41:29,LazyOldMan,1671
11/9/2024 22:41:29,Wisdom,1419
11/10/2024 8:00:14,osho,1798
11/10/2024 8:00:14,Datmm09,1289
11/10/2024 8:00:14,osho,1800
11/10/2024 8:00:14,Datmm09,1287
11/10/2024 13:48:39,TriBui,1592
11/10/2024 13:48:39,dailygao,1376
11/10/2024 13:48:39,TriBui,1599
11/10/2024 13:48:39,dailygao,1369
11/10/2024 13:48:39,DAT93BP,1212
11/10/2024 13:48:39,dailygao,1379
11/10/2024 13:48:39,DAT93BP,1203
11/10/2024 13:48:39,dailygao,1388
11/10/2024 14:47:06,osho,1776
11/10/2024 14:47:06,Metallica,1630
11/10/2024 14:47:06,osho,1754
11/10/2024 14:47:06,Metallica,1652
11/10/2024 15:58:38,Ichiban,1776
11/10/2024 15:58:38,Wisdom,1415
11/10/2024 15:58:38,Ichiban,1780
11/10/2024 15:58:38,Wisdom,1411
11/10/2024 15:58:38,Lancelot,1543
11/10/2024 15:58:38,Metallica,1664
11/10/2024 15:58:38,Lancelot,1564
11/10/2024 15:58:38,Metallica,1643
11/10/2024 15:58:38,Lancelot,1584
11/10/2024 15:58:38,Metallica,1623
11/10/2024 16:56:34,Lancelot,1570
11/10/2024 16:56:34,Moon,1646
11/10/2024 16:56:34,Lancelot,1557
11/10/2024 16:56:34,Moon,1659
11/12/2024 21:46:20,TrieuVoi,1487
11/12/2024 21:46:20,LichKing,1302
11/12/2024 21:46:20,TrieuVoi,1495
11/12/2024 21:46:20,LichKing,1294
11/12/2024 21:46:20,Lancelot,1534
11/12/2024 21:46:20,Chairma,1428
11/12/2024 21:46:20,Lancelot,1545
11/12/2024 21:46:20,Chairma,1417
11/12/2024 21:46:20,Lancelot,1555
11/12/2024 21:46:20,Chairma,1407
11/12/2024 21:46:20,Metallica,1629
11/12/2024 21:46:20,tuanvu,1364
11/12/2024 21:46:20,Metallica,1635
11/12/2024 21:46:20,tuanvu,1358
11/12/2024 21:46:20,Chairma,1399
11/12/2024 21:46:20,TriBui,1607
11/12/2024 21:46:20,Chairma,1392
11/12/2024 21:46:20,TriBui,1614
11/12/2024 21:46:20,Domi,1904
11/12/2024 21:46:20,Chairma,1390
11/12/2024 21:46:20,Domi,1906
11/12/2024 21:46:20,Chairma,1388
11/12/2024 21:46:20,LazyOldMan,1686
11/12/2024 21:46:20,Moon,1644
11/12/2024 21:46:20,LazyOldMan,1668
11/12/2024 21:46:20,Moon,1662
11/12/2024 21:46:20,LazyOldMan,1652
11/12/2024 21:46:20,Moon,1678
11/13/2024 14:44:03,Domi,1912
11/13/2024 14:44:03,LazyOldMan,1646
11/13/2024 14:44:03,Domi,1918
11/13/2024 14:44:03,LazyOldMan,1640
11/13/2024 20:12:43,Lancelot,1570
11/13/2024 20:12:43,Kingtruong,1516
11/13/2024 20:12:43,Lancelot,1584
11/13/2024 20:12:43,Kingtruong,1502
11/17/2024 11:28:13,Prac800ic,1272
11/17/2024 11:28:13,Datmm09,1269
11/17/2024 11:28:13,Prac800ic,1288
11/17/2024 11:28:13,Datmm09,1253
11/17/2024 11:28:13,Datmm09,1249
11/17/2024 11:28:13,Afterall,1607
11/17/2024 11:28:13,Datmm09,1245
11/17/2024 11:28:13,Afterall,1611
11/17/2024 11:28:13,Truongbaorong,1404
11/17/2024 11:28:13,dailygao,1406
11/17/2024 11:28:13,Truongbaorong,1420
11/17/2024 11:28:13,dailygao,1390
11/17/2024 11:28:13,Truongbaorong,1435
11/17/2024 11:28:13,dailygao,1375
11/17/2024 11:28:13,SieuTitMit,1275
11/17/2024 11:28:13,dailygao,1387
11/17/2024 11:28:13,SieuTitMit,1296
11/17/2024 11:28:13,dailygao,1366
11/17/2024 11:28:13,NghiaDepTrai,1364
11/17/2024 11:28:13,TrieuVoi,1506
11/17/2024 11:28:13,NghiaDepTrai,1386
11/17/2024 11:28:13,TrieuVoi,1484
11/17/2024 11:28:13,NghiaDepTrai,1374
11/17/2024 11:28:13,TrieuVoi,1496
11/17/2024 16:00:56,socnho,1517
11/17/2024 16:00:56,TrieuVoi,1514
11/17/2024 16:00:56,socnho,1501
11/17/2024 16:00:56,TrieuVoi,1530
11/17/2024 16:00:56,socnho,1481
11/17/2024 16:00:56,Wisdom,1431
11/17/2024 16:00:56,socnho,1495
11/17/2024 16:00:56,Wisdom,1417
11/17/2024 16:00:56,socnho,1507
11/17/2024 16:00:56,Wisdom,1405
11/17/2024 16:00:56,Ichiban,1786
11/17/2024 16:00:56,socnho,1501
11/17/2024 16:00:56,Ichiban,1791
11/17/2024 16:00:56,socnho,1496
11/17/2024 16:00:56,socnho,1486
11/17/2024 16:00:56,Metallica,1645
11/18/2024 22:47:58,Ichiban,1793
11/18/2024 22:47:58,tuanvu,1356
11/18/2024 22:47:58,Ichiban,1795
11/18/2024 22:47:58,tuanvu,1354
11/18/2024 22:47:58,socnho,1496
11/18/2024 22:47:58,tuanvu,1344
11/18/2024 22:47:58,socnho,1505
11/18/2024 22:47:58,tuanvu,1335
11/18/2024 22:47:58,DAT93BP,1227
11/18/2024 22:47:58,Kephongluu,1380
11/18/2024 22:47:58,DAT93BP,1218
11/18/2024 22:47:58,Kephongluu,1389
11/18/2024 22:47:58,DAT93BP,1209
11/18/2024 22:47:58,Kephongluu,1398
11/21/2024 22:19:01,SieuTitMit,1315
11/21/2024 22:19:01,dailygao,1347
11/21/2024 22:19:01,Truongbaorong,1417
11/21/2024 22:19:01,Kephongluu,1416
11/21/2024 22:19:01,Truongbaorong,1433
11/21/2024 22:19:01,Kephongluu,1400
11/21/2024 22:19:01,Truongbaorong,1447
11/21/2024 22:19:01,Kephongluu,1386
11/22/2024 20:52:51,Metallica,1650
11/22/2024 20:52:51,dailygao,1342
11/22/2024 20:52:51,Metallica,1655
11/22/2024 20:52:51,dailygao,1337
11/23/2024 22:18:35,gobo2k,1311
11/23/2024 22:18:35,Wisdom,1417
11/23/2024 22:18:35,gobo2k,1332
11/23/2024 22:18:35,Wisdom,1396
11/23/2024 22:18:35,gobo2k,1351
11/23/2024 22:18:35,Wisdom,1377
11/23/2024 22:18:35,Vinam,1613
11/23/2024 22:18:35,gobo2k,1345
11/23/2024 22:18:35,Vinam,1619
11/23/2024 22:18:35,gobo2k,1339
11/24/2024 13:58:13,Chairma,1404
11/24/2024 13:58:13,Kephongluu,1370
11/24/2024 13:58:13,Chairma,1386
11/24/2024 13:58:13,Kephongluu,1388
11/24/2024 13:58:13,Chairma,1402
11/24/2024 13:58:13,Kephongluu,1372
11/24/2024 15:19:13,gobo2k,1335
11/24/2024 15:19:13,Metallica,1659
11/24/2024 15:19:13,gobo2k,1331
11/24/2024 15:19:13,Metallica,1663
11/24/2024 19:46:50,gobo2k,1347
11/24/2024 19:46:50,tuanvu,1319
11/24/2024 19:46:50,gobo2k,1330
11/24/2024 19:46:50,tuanvu,1336
11/24/2024 19:46:50,gobo2k,1314
11/24/2024 19:46:50,tuanvu,1352
11/24/2024 19:46:50,Chairma,1414
11/24/2024 19:46:50,gobo2k,1302
11/24/2024 19:46:50,Chairma,1425
11/24/2024 19:46:50,gobo2k,1291
11/24/2024 20:39:26,Lancelot,1591
11/24/2024 20:39:26,Kephongluu,1365
11/24/2024 20:39:26,Lancelot,1598
11/24/2024 20:39:26,Kephongluu,1358
11/25/2024 19:43:37,hoanguyen,1354
11/25/2024 19:43:37,Kingtruong,1512
11/25/2024 19:43:37,hoanguyen,1345
11/25/2024 19:43:37,Kingtruong,1521
11/25/2024 19:43:37,Kingtruong,1530
11/25/2024 19:43:37,tuanvu,1343
11/25/2024 19:43:37,Kingtruong,1538
11/25/2024 19:43:37,tuanvu,1335
11/26/2024 20:42:01,TrieuVoi,1552
11/26/2024 20:42:01,Metallica,1641
11/26/2024 20:42:01,TrieuVoi,1540
11/26/2024 20:42:01,Metallica,1653
11/26/2024 20:42:01,TrieuVoi,1529
11/26/2024 20:42:01,Metallica,1664
11/26/2024 20:42:01,TrieuVoi,1538
11/26/2024 20:42:01,Kephongluu,1349
11/26/2024 20:42:01,TrieuVoi,1546
11/26/2024 20:42:01,Kephongluu,1341
11/27/2024 20:45:30,Kingtruong,1525
11/27/2024 20:45:30,TriBui,1627
11/27/2024 20:45:30,Kingtruong,1514
11/27/2024 20:45:30,TriBui,1638
11/27/2024 20:45:30,Kingtruong,1523
11/27/2024 20:45:30,Kephongluu,1332
11/27/2024 20:45:30,Kingtruong,1499
11/27/2024 20:45:30,Kephongluu,1356
11/27/2024 22:04:09,TriBui,1643
11/27/2024 22:04:09,Kephongluu,1351
11/27/2024 22:04:09,TriBui,1648
11/27/2024 22:04:09,Kephongluu,1346
12/1/2024 13:35:35,gobo2k,1276
12/1/2024 13:35:35,SieuTitMit,1330
12/1/2024 13:35:35,gobo2k,1294
12/1/2024 13:35:35,SieuTitMit,1312
12/1/2024 13:35:35,gobo2k,1279
12/1/2024 13:35:35,SieuTitMit,1327
12/1/2024 13:35:35,Metallica,1668
12/1/2024 13:35:35,Kephongluu,1342
12/1/2024 13:35:35,Metallica,1672
12/1/2024 13:35:35,Kephongluu,1338
12/1/2024 13:35:35,dailygao,1353
12/1/2024 13:35:35,tuanvu,1319
12/1/2024 13:35:35,dailygao,1335
12/1/2024 13:35:35,tuanvu,1337
12/1/2024 13:35:35,dailygao,1351
12/1/2024 13:35:35,tuanvu,1321
12/1/2024 13:35:35,hoanguyen,1328
12/1/2024 13:35:35,SieuTitMit,1344
12/1/2024 13:35:35,hoanguyen,1345
12/1/2024 13:35:35,SieuTitMit,1327
12/1/2024 13:35:35,hoanguyen,1360
12/1/2024 13:35:35,SieuTitMit,1312
12/1/2024 13:35:35,TriBui,1652
12/1/2024 13:35:35,tuanvu,1317
12/1/2024 13:35:35,TriBui,1656
12/1/2024 13:35:35,tuanvu,1313
12/1/2024 13:35:35,Datmm09,1234
12/1/2024 13:35:35,dailygao,1362
12/1/2024 13:35:35,Datmm09,1224
12/1/2024 13:35:35,dailygao,1372
12/1/2024 13:35:35,Datmm09,1211
12/1/2024 13:35:35,LichKing,1307
12/1/2024 13:35:35,Datmm09,1199
12/1/2024 13:35:35,LichKing,1319
12/1/2024 13:35:35,NghiaDepTrai,1355
12/1/2024 13:35:35,SieuTitMit,1331
12/1/2024 13:35:35,NghiaDepTrai,1338
12/1/2024 13:35:35,SieuTitMit,1348
12/1/2024 13:35:35,LazyOldMan,1625
12/1/2024 13:35:35,TriBui,1671
12/1/2024 13:35:35,LazyOldMan,1611
12/1/2024 13:35:35,TriBui,1685
12/1/2024 13:35:35,Domi,1927
12/1/2024 13:35:35,Singlez,1742
12/1/2024 13:35:35,Domi,1935
12/1/2024 13:35:35,Singlez,1734
12/1/2024 13:35:35,Vinam,1608
12/1/2024 13:35:35,Singlez,1745
12/1/2024 13:35:35,Vinam,1598
12/1/2024 13:35:35,Singlez,1755
12/1/2024 13:35:35,Vinam,1586
12/1/2024 13:35:35,Moon,1690
12/1/2024 13:35:35,Vinam,1575
12/1/2024 13:35:35,Moon,1701
12/1/2024 13:35:35,Vinam,1561
12/1/2024 13:35:35,LazyOldMan,1625
12/1/2024 13:35:35,Vinam,1580
12/1/2024 13:35:35,LazyOldMan,1606
12/1/2024 13:35:35,Vinam,1597
12/1/2024 13:35:35,LazyOldMan,1589
12/1/2024 13:35:35,Datmm09,1197
12/1/2024 13:35:35,Moon,1703
12/1/2024 13:35:35,Datmm09,1195
12/1/2024 13:35:35,Moon,1705
12/1/2024 13:35:35,Datmm09,1193
12/1/2024 13:35:35,TriBui,1687
12/1/2024 13:35:35,Datmm09,1191
12/1/2024 13:35:35,TriBui,1689
12/1/2024 13:35:35,hoanguyen,1387
12/1/2024 13:35:35,Metallica,1645
12/1/2024 13:35:35,hoanguyen,1381
12/1/2024 13:35:35,Metallica,1651
12/1/2024 13:35:35,hoanguyen,1375
12/1/2024 13:35:35,Metallica,1657
12/1/2024 13:35:35,TrieuVoi,1539
12/1/2024 13:35:35,Singlez,1762
12/1/2024 13:35:35,TrieuVoi,1532
12/1/2024 13:35:35,Singlez,1769
12/1/2024 13:35:35,Chairma,1405
12/1/2024 13:35:35,NghiaDepTrai,1358
12/1/2024 13:35:35,Chairma,1419
12/1/2024 13:35:35,NghiaDepTrai,1344
12/1/2024 13:35:35,Chairma,1400
12/1/2024 13:35:35,NghiaDepTrai,1363
12/1/2024 13:35:35,Datmm09,1180
12/1/2024 13:35:35,tuanvu,1324
12/1/2024 13:35:35,Datmm09,1170
12/1/2024 13:35:35,tuanvu,1334
12/1/2024 13:35:35,Ragnar,1521
12/1/2024 13:35:35,hoanguyen,1365
12/1/2024 13:35:35,Ragnar,1498
12/1/2024 13:35:35,hoanguyen,1388
12/1/2024 13:35:35,Ragnar,1509
12/1/2024 13:35:35,hoanguyen,1377
12/1/2024 13:35:35,osho,1761
12/1/2024 13:35:35,TrieuVoi,1525
12/1/2024 13:35:35,osho,1768
12/1/2024 13:35:35,TrieuVoi,1518
12/1/2024 13:35:35,NghiaDepTrai,1346
12/1/2024 13:35:35,tuanvu,1351
12/1/2024 13:39:15,NghiaDepTrai,1330
12/1/2024 13:39:15,tuanvu,1367
12/1/2024 13:39:15,hoanguyen,1367
12/1/2024 13:39:15,TrieuVoi,1528
12/1/2024 13:39:15,hoanguyen,1358
12/1/2024 13:39:15,TrieuVoi,1537
12/1/2024 13:39:15,TrieuVoi,1551
12/1/2024 13:39:15,Kingtruong,1485
12/1/2024 13:39:15,TrieuVoi,1532
12/1/2024 13:39:15,Kingtruong,1504
12/1/2024 13:39:15,TrieuVoi,1547
12/1/2024 13:39:15,Kingtruong,1489
12/1/2024 13:39:15,Kingtruong,1480
12/1/2024 13:39:15,Metallica,1666
12/1/2024 13:39:15,Kingtruong,1472
12/1/2024 13:39:15,Metallica,1674
12/1/2024 13:39:15,Kingtruong,1463
12/1/2024 13:39:15,Fervis,1647
12/1/2024 13:39:15,Kingtruong,1455
12/1/2024 13:39:15,Fervis,1655
12/3/2024 21:50:54,TrieuVoi,1534
12/3/2024 21:50:54,Afterall,1624
12/3/2024 21:50:54,TrieuVoi,1554
12/3/2024 21:50:54,Afterall,1604
12/3/2024 21:50:54,TrieuVoi,1540
12/3/2024 21:50:54,Afterall,1618
12/3/2024 21:50:54,DAT93BP,1207
12/3/2024 21:50:54,Fervis,1657
12/3/2024 21:50:54,DAT93BP,1205
12/3/2024 21:50:54,Fervis,1659
12/3/2024 21:50:54,DAT93BP,1203
12/3/2024 21:50:54,Metallica,1676
12/3/2024 21:50:54,DAT93BP,1201
12/3/2024 21:50:54,Metallica,1678
12/3/2024 21:50:54,gobo2k,1290
12/3/2024 21:50:54,Datmm09,1159
12/3/2024 21:50:54,gobo2k,1300
12/3/2024 21:50:54,Datmm09,1149
12/3/2024 21:50:54,LichKing,1316
12/3/2024 21:50:54,TriBui,1692
12/3/2024 21:50:54,LichKing,1313
12/3/2024 21:50:54,TriBui,1695
12/3/2024 21:50:54,Ragnar,1487
12/3/2024 21:50:54,tuanvu,1389
12/3/2024 21:50:54,Ragnar,1499
12/3/2024 21:50:54,tuanvu,1377
12/3/2024 21:50:54,Ragnar,1510
12/3/2024 21:50:54,tuanvu,1366
12/3/2024 21:50:54,Moon,1709
12/3/2024 21:50:54,tuanvu,1362
12/3/2024 21:50:54,Moon,1713
12/3/2024 21:50:54,tuanvu,1358
12/8/2024 8:28:56,gobo2k,1287
12/8/2024 8:28:56,dailygao,1385
12/8/2024 8:28:56,gobo2k,1307
12/8/2024 8:28:56,dailygao,1365
12/8/2024 8:28:56,gobo2k,1326
12/8/2024 8:28:56,dailygao,1346
12/8/2024 8:28:56,gobo2k,1351
12/8/2024 8:28:56,TrieuVoi,1515
12/8/2024 8:28:56,gobo2k,1374
12/8/2024 8:28:56,TrieuVoi,1492
12/8/2024 8:28:56,Lancelot,1609
12/8/2024 8:28:56,TrieuVoi,1481
12/8/2024 8:28:56,Lancelot,1619
12/8/2024 8:28:56,TrieuVoi,1471
12/8/2024 16:07:36,hoanguyen,1353
12/8/2024 16:07:36,Fervis,1664
12/8/2024 16:07:36,hoanguyen,1348
12/8/2024 16:07:36,Fervis,1669
12/9/2024 8:22:53,Ichiban,1797
12/9/2024 8:22:53,hoanguyen,1346
12/9/2024 8:22:53,Ichiban,1799
12/9/2024 8:22:53,hoanguyen,1344
12/9/2024 8:22:53,Vinam,1603
12/9/2024 8:22:53,hoanguyen,1338
12/9/2024 8:22:53,Vinam,1609
12/9/2024 8:22:53,hoanguyen,1332
12/9/2024 8:22:53,hoanguyen,1330
12/9/2024 8:22:53,Singlez,1771
12/9/2024 8:22:53,hoanguyen,1328
12/9/2024 8:22:53,Singlez,1773
12/11/2024 16:23:20,Afterall,1624
12/11/2024 16:23:20,dailygao,1340
12/11/2024 16:23:20,Afterall,1597
12/11/2024 16:23:20,dailygao,1367
12/11/2024 16:23:20,Chairma,1395
12/11/2024 16:23:20,Moon,1718
12/11/2024 16:23:20,Chairma,1391
12/11/2024 16:23:20,Moon,1722
12/12/2024 14:22:48,dailygao,1382
12/12/2024 14:22:48,Kephongluu,1323
12/12/2024 14:22:48,dailygao,1363
12/12/2024 14:22:48,Kephongluu,1342
12/12/2024 14:22:48,dailygao,1378
12/12/2024 14:22:48,Kephongluu,1327
12/12/2024 14:22:48,Fervis,1673
12/12/2024 14:22:48,Kephongluu,1323
12/12/2024 14:22:48,Fervis,1677
12/12/2024 14:22:48,Kephongluu,1319
12/12/2024 14:22:48,Ichiban,1769
12/12/2024 14:22:48,Kephongluu,1349
12/12/2024 14:22:48,Ichiban,1772
12/12/2024 14:22:48,Kephongluu,1346
12/12/2024 14:22:48,Ichiban,1775
12/12/2024 14:22:48,Kephongluu,1343
12/14/2024 22:28:04,Ninh,1723
12/14/2024 22:28:04,SieuTitMit,1345
12/14/2024 22:28:04,Ninh,1726
12/14/2024 22:28:04,SieuTitMit,1342
12/15/2024 8:11:01,SieuTitMit,1359
12/15/2024 8:11:01,tuanvu,1341
12/15/2024 8:11:01,SieuTitMit,1374
12/15/2024 8:11:01,tuanvu,1326
12/15/2024 19:49:38,Ichiban,1780
12/15/2024 19:49:38,TrieuVoi,1466
12/15/2024 19:49:38,Ichiban,1785
12/15/2024 19:49:38,TrieuVoi,1461
12/15/2024 19:51:31,Prac800ic,1286
12/15/2024 19:51:31,Moon,1724
12/15/2024 19:51:31,Prac800ic,1284
12/15/2024 19:51:31,Moon,1726
12/15/2024 20:54:36,Prac800ic,1271
12/15/2024 20:54:36,Kephongluu,1356
12/15/2024 20:54:36,Prac800ic,1291
12/15/2024 20:54:36,Kephongluu,1336
12/15/2024 20:54:36,Prac800ic,1277
12/15/2024 20:54:36,Kephongluu,1350
12/16/2024 21:41:39,Vinam,1616
12/16/2024 21:41:39,dailygao,1371
12/16/2024 21:41:39,Vinam,1622
12/16/2024 21:41:39,dailygao,1365
12/16/2024 21:41:39,Ninh,1729
12/16/2024 21:41:39,Kephongluu,1347
12/16/2024 21:41:39,Ninh,1700
12/16/2024 21:41:39,Kephongluu,1376
12/16/2024 21:41:39,Ninh,1704
12/16/2024 21:41:39,Kephongluu,1372
12/16/2024 21:41:39,osho,1776
12/16/2024 21:41:39,LazyOldMan,1581
12/16/2024 21:41:39,osho,1784
12/16/2024 21:41:39,LazyOldMan,1573
12/16/2024 21:41:39,LazyOldMan,1597
12/16/2024 21:41:39,Singlez,1749
12/16/2024 21:41:39,LazyOldMan,1588
12/16/2024 21:41:39,Singlez,1758
12/16/2024 21:41:39,LazyOldMan,1579
12/16/2024 21:41:39,Singlez,1767
12/16/2024 21:41:39,Singlez,1779
12/16/2024 21:41:39,Fervis,1665
12/16/2024 21:41:39,Singlez,1790
12/16/2024 21:41:39,Fervis,1654
12/16/2024 21:41:39,Ninh,1692
12/16/2024 21:41:39,Singlez,1802
12/16/2024 21:41:39,Domi,1942
12/16/2024 21:41:39,Moon,1719
12/16/2024 21:41:39,Domi,1949
12/16/2024 21:41:39,Moon,1712
12/19/2024 14:00:32,tuanvu,1344
12/19/2024 14:00:32,Kephongluu,1354
12/19/2024 14:00:32,tuanvu,1328
12/19/2024 14:00:32,Kephongluu,1370
12/19/2024 14:00:32,tuanvu,1346
12/19/2024 14:00:32,Kephongluu,1352
12/19/2024 14:00:32,gobo2k,1369
12/19/2024 14:00:32,Fervis,1659
12/19/2024 14:00:32,gobo2k,1364
12/19/2024 14:00:32,Fervis,1664
12/19/2024 14:00:32,Prac800ic,1274
12/19/2024 14:00:32,TriBui,1698
12/19/2024 14:00:32,Prac800ic,1271
12/19/2024 14:00:32,TriBui,1701
12/19/2024 14:00:32,Ninh,1707
12/19/2024 14:00:32,Metallica,1663
12/19/2024 14:00:32,Ninh,1721
12/19/2024 14:00:32,Metallica,1649
12/19/2024 14:00:32,Afterall,1604
12/19/2024 14:00:32,dailygao,1358
12/19/2024 14:00:32,Vinam,1627
12/19/2024 14:00:32,NghiaDepTrai,1325
12/19/2024 14:00:32,Vinam,1632
12/19/2024 14:00:32,NghiaDepTrai,1320
12/19/2024 21:05:16,NghiaDepTrai,1338
12/19/2024 21:05:16,dailygao,1340
12/19/2024 21:05:16,NghiaDepTrai,1322
12/19/2024 21:05:16,dailygao,1356
12/19/2024 21:05:16,NghiaDepTrai,1308
12/19/2024 21:05:16,dailygao,1370
12/20/2024 15:15:53,Domi,1950
12/20/2024 15:15:53,Wisdom,1376
12/20/2024 15:15:53,Domi,1951
12/20/2024 15:15:53,Wisdom,1375
12/20/2024 15:15:53,Vinam,1634
12/20/2024 15:15:53,Datmm09,1147
12/20/2024 15:15:53,Vinam,1636
12/20/2024 15:15:53,Datmm09,1145
12/20/2024 22:08:05,Prac800ic,1259
12/20/2024 22:08:05,dailygao,1382
12/20/2024 22:08:05,Prac800ic,1248
12/20/2024 22:08:05,dailygao,1393
12/20/2024 22:44:08,Domi,1958
12/20/2024 22:44:08,Ninh,1714
12/20/2024 22:44:08,Domi,1964
12/20/2024 22:44:08,Ninh,1708
12/21/2024 15:07:21,Chairma,1374
12/21/2024 15:07:21,Wisdom,1392
12/21/2024 15:07:21,Chairma,1359
12/21/2024 15:07:21,Wisdom,1407
12/21/2024 15:07:21,Vinam,1639
12/21/2024 15:07:21,Prac800ic,1245
12/21/2024 15:07:21,Vinam,1642
12/21/2024 15:07:21,Prac800ic,1242
12/21/2024 15:07:21,Wisdom,1420
12/21/2024 15:07:21,tuanvu,1333
12/21/2024 15:07:21,Wisdom,1400
12/21/2024 15:07:21,tuanvu,1353
12/21/2024 15:07:21,Wisdom,1382
12/21/2024 15:07:21,tuanvu,1371
12/22/2024 9:39:54,Kingtruong,1449
12/22/2024 9:39:54,Moon,1718
12/22/2024 9:39:54,Kingtruong,1443
12/22/2024 9:39:54,Moon,1724
12/22/2024 9:39:54,Kingtruong,1455
12/22/2024 9:39:54,Kephongluu,1340
12/22/2024 9:39:54,Kingtruong,1434
12/22/2024 9:39:54,Kephongluu,1361
12/22/2024 9:39:54,Kingtruong,1447
12/22/2024 9:39:54,Kephongluu,1348
12/22/2024 9:39:54,hoanguyen,1347
12/22/2024 9:39:54,dailygao,1374
12/22/2024 9:39:54,hoanguyen,1332
12/22/2024 9:39:54,dailygao,1389
12/22/2024 9:39:54,hoanguyen,1319
12/22/2024 9:39:54,dailygao,1402
12/22/2024 9:39:54,Wisdom,1395
12/22/2024 9:39:54,LichKing,1300
12/22/2024 9:39:54,Wisdom,1407
12/22/2024 9:39:54,LichKing,1288
12/22/2024 14:03:55,hoanguyen,1334
12/22/2024 14:03:55,LichKing,1273
12/22/2024 14:03:55,hoanguyen,1315
12/22/2024 14:03:55,LichKing,1292
12/22/2024 14:03:55,hoanguyen,1330
12/22/2024 14:03:55,LichKing,1277
12/22/2024 14:03:55,Moon,1726
12/22/2024 14:03:55,LichKing,1275
12/22/2024 14:03:55,Moon,1728
12/22/2024 14:03:55,LichKing,1273
12/22/2024 14:03:55,SieuTitMit,1353
12/22/2024 14:03:55,LichKing,1294
12/22/2024 14:03:55,SieuTitMit,1366
12/22/2024 14:03:55,LichKing,1281
12/22/2024 14:03:55,SieuTitMit,1378
12/22/2024 14:03:55,LichKing,1269
12/22/2024 14:03:55,longnt,1575
12/22/2024 14:03:55,hoanguyen,1324
12/22/2024 14:03:55,longnt,1581
12/22/2024 14:03:55,hoanguyen,1318
12/22/2024 21:56:03,Vinam,1648
12/22/2024 21:56:03,tuanvu,1365
12/22/2024 21:56:03,Vinam,1653
12/22/2024 21:56:03,tuanvu,1360
12/22/2024 21:56:03,Kingtruong,1452
12/22/2024 21:56:03,Datmm09,1140
12/22/2024 21:56:03,Kingtruong,1457
12/22/2024 21:56:03,Datmm09,1135
12/22/2024 22:21:53,gobo2k,1352
12/22/2024 22:21:53,Kingtruong,1469
12/22/2024 22:21:53,gobo2k,1341
12/22/2024 22:21:53,Kingtruong,1480
12/23/2024 11:44:02,TrieuVoi,1474
12/23/2024 11:44:02,dailygao,1389
12/23/2024 11:44:02,TrieuVoi,1486
12/23/2024 11:44:02,dailygao,1377
12/23/2024 11:44:02,Prac800ic,1264
12/23/2024 11:44:02,SieuTitMit,1356
12/23/2024 11:44:02,Prac800ic,1252
12/23/2024 11:44:02,SieuTitMit,1368
12/23/2024 11:44:02,Prac800ic,1241
12/23/2024 11:44:02,SieuTitMit,1379
12/25/2024 16:33:55,SieuTitMit,1385
12/25/2024 16:33:55,Datmm09,1129
12/25/2024 16:33:55,SieuTitMit,1391
12/25/2024 16:33:55,Datmm09,1123
12/25/2024 16:33:55,TrieuVoi,1490
12/25/2024 16:33:55,Datmm09,1119
12/25/2024 16:33:55,TrieuVoi,1493
12/25/2024 16:33:55,Datmm09,1116
12/25/2024 19:47:41,Singlez,1803
12/25/2024 19:47:41,Datmm09,1115
12/25/2024 19:47:41,Singlez,1804
12/25/2024 19:47:41,Datmm09,1114
12/25/2024 21:13:33,LazyOldMan,1599
12/25/2024 21:13:33,Fervis,1644
12/25/2024 21:13:33,LazyOldMan,1585
12/25/2024 21:13:33,Fervis,1658
12/25/2024 21:13:33,LazyOldMan,1572
12/25/2024 21:13:33,Fervis,1671
12/25/2024 22:14:08,Ninh,1709
12/25/2024 22:14:08,Datmm09,1113
12/25/2024 22:14:08,Ninh,1710
12/25/2024 22:14:08,Datmm09,1112
12/25/2024 22:14:44,LazyOldMan,1562
12/25/2024 22:14:44,Ninh,1720
12/26/2024 13:35:15,gobo2k,1321
12/26/2024 13:35:15,Prac800ic,1261
12/26/2024 13:35:15,gobo2k,1302
12/26/2024 13:35:15,Prac800ic,1280
12/26/2024 19:44:42,Singlez,1812
12/26/2024 19:44:42,Afterall,1596
12/26/2024 19:44:42,Singlez,1819
12/26/2024 19:44:42,Afterall,1589
12/26/2024 22:24:57,Prac800ic,1271
12/26/2024 22:24:57,Truongbaorong,1456
12/26/2024 22:24:57,Prac800ic,1263
12/26/2024 22:24:57,Truongbaorong,1464
12/29/2024 8:19:03,Kingtruong,1501
12/29/2024 8:19:03,Afterall,1568
12/29/2024 8:19:03,Kingtruong,1520
12/29/2024 8:19:03,Afterall,1549
12/29/2024 17:03:07,NghiaDepTrai,1290
12/29/2024 17:03:07,Prac800ic,1281
12/29/2024 17:03:07,NghiaDepTrai,1274
12/29/2024 17:03:07,Prac800ic,1297
12/30/2024 8:15:58,hoanguyen,1343
12/30/2024 8:15:58,Afterall,1524
12/30/2024 8:15:58,hoanguyen,1367
12/30/2024 8:15:58,Afterall,1500
12/30/2024 22:16:25,hoanguyen,1363
12/30/2024 22:16:25,Ninh,1724
12/30/2024 22:16:25,hoanguyen,1359
12/30/2024 22:16:25,Ninh,1728
12/31/2024 15:59:43,LazyOldMan,1553
12/31/2024 15:59:43,Ninh,1737
12/31/2024 15:59:43,osho,1786
12/31/2024 15:59:43,gobo2k,1300
12/31/2024 16:08:21,longnt,1564
12/31/2024 16:08:21,LazyOldMan,1570
12/31/2024 16:08:21,longnt,1548
12/31/2024 16:08:21,LazyOldMan,1586
12/31/2024 19:09:32,osho,1788
12/31/2024 19:09:32,gobo2k,1298
12/31/2024 22:12:24,Ninh,1743
12/31/2024 22:12:24,TrieuVoi,1487
12/31/2024 22:12:24,Ninh,1717
12/31/2024 22:12:24,TrieuVoi,1513
12/31/2024 22:12:24,Ninh,1725
12/31/2024 22:12:24,TrieuVoi,1505
12/31/2024 22:12:24,LazyOldMan,1593
12/31/2024 22:12:24,hoanguyen,1352
12/31/2024 22:12:24,LazyOldMan,1599
12/31/2024 22:12:24,hoanguyen,1346
12/31/2024 22:41:02,TrieuVoi,1519
12/31/2024 22:41:02,Truongbaorong,1450
12/31/2024 22:41:02,TrieuVoi,1532
12/31/2024 22:41:02,Truongbaorong,1437
1/1/2025 8:31:19,gobo2k,1284
1/1/2025 8:31:19,hoanguyen,1360
1/1/2025 8:31:19,gobo2k,1303
1/1/2025 8:31:19,hoanguyen,1341
1/1/2025 8:31:19,gobo2k,1321
1/1/2025 8:31:19,hoanguyen,1323
1/1/2025 8:31:19,NghiaDepTrai,1268
1/1/2025 8:31:19,Kingtruong,1526
1/1/2025 8:31:19,NghiaDepTrai,1262
1/1/2025 8:31:19,Kingtruong,1532
1/1/2025 8:31:19,Truongbaorong,1450
1/1/2025 8:31:19,tuanvu,1347
1/1/2025 8:31:19,Truongbaorong,1461
1/1/2025 8:31:19,tuanvu,1336
1/1/2025 8:31:19,Ninh,1733
1/1/2025 8:31:19,Kingtruong,1524
1/1/2025 8:31:19,Ninh,1740
1/1/2025 8:31:19,Kingtruong,1517
1/1/2025 8:44:41,gobo2k,1303
1/1/2025 8:44:41,LichKing,1287
1/1/2025 8:44:41,gobo2k,1318
1/1/2025 8:44:41,LichKing,1272
1/1/2025 8:44:41,gobo2k,1332
1/1/2025 8:44:41,LichKing,1258
1/1/2025 21:01:12,LazyOldMan,1585
1/1/2025 21:01:12,Metallica,1663
1/1/2025 21:01:12,LazyOldMan,1605
1/1/2025 21:01:12,Metallica,1643
1/1/2025 21:01:12,LazyOldMan,1591
1/1/2025 21:01:12,Metallica,1657
1/1/2025 21:01:12,SieuTitMit,1412
1/1/2025 21:01:12,Afterall,1479
1/1/2025 21:01:12,SieuTitMit,1431
1/1/2025 21:01:12,Afterall,1460
1/1/2025 21:01:12,LazyOldMan,1604
1/1/2025 21:01:12,Kingtruong,1504
1/1/2025 21:01:12,LazyOldMan,1584
1/1/2025 21:01:12,Kingtruong,1524
1/1/2025 21:01:12,LazyOldMan,1597
1/1/2025 21:01:12,Kingtruong,1511
1/1/2025 21:01:12,LazyOldMan,1610
1/1/2025 21:01:12,TrieuVoi,1519
1/1/2025 21:01:12,LazyOldMan,1622
1/1/2025 21:01:12,TrieuVoi,1507
1/1/2025 21:30:48,LazyOldMan,1599
1/1/2025 21:30:48,Afterall,1483